feature,coefficient
Cytoplasm_RadialDistribution_ZernikePhase_GFP_9_3,0.0722480035136132
Cytoplasm_RadialDistribution_ZernikeMagnitude_GFP_9_1,-0.14059570424109363
Cytoplasm_RadialDistribution_ZernikePhase_CY5_7_5,0.0017406663455245192
Nuclei_RadialDistribution_ZernikePhase_DAPI_5_1,0.017364310846991308
Nuclei_RadialDistribution_ZernikeMagnitude_GFP_9_9,-0.024398763557293326
Cells_RadialDistribution_MeanFrac_GFP_2of4,0.1029126802639788
Cells_RadialDistribution_ZernikePhase_DAPI_8_4,-0.03646396668544647
Cells_RadialDistribution_ZernikePhase_RFP_8_2,-0.005436115950477601
Nuclei_RadialDistribution_MeanFrac_GFP_1of4,0.5441111656670627
Cells_RadialDistribution_ZernikePhase_DAPI_9_7,0.0176751684555852
Cells_RadialDistribution_ZernikePhase_CY5_5_1,0.06140815061167826
Cells_RadialDistribution_ZernikePhase_DAPI_8_8,-0.034921821285719135
Cells_RadialDistribution_ZernikePhase_DAPI_4_4,0.03579609592051234
Cytoplasm_RadialDistribution_FracAtD_RFP_3of4,-0.6138999318033185
Cytoplasm_AreaShape_Zernike_3_1,0.014333701373003573
Cytoplasm_RadialDistribution_FracAtD_CY5_1of4,0.017074181082174435
Cytoplasm_RadialDistribution_ZernikePhase_CY5_8_2,-0.03945686784315935
Nuclei_Texture_Contrast_RFP_3_03_256,-0.11739905533313365
Cells_RadialDistribution_MeanFrac_RFP_1of4,0.24900527916757142
Nuclei_Correlation_K_GFP_RFP,-0.13820969638130476
Cytoplasm_RadialDistribution_ZernikePhase_CY5_4_2,0.07334456072701656
Cells_Intensity_MaxIntensity_CY5,0.08394138266489747
Nuclei_RadialDistribution_ZernikePhase_GFP_6_2,-0.0205675498532483
Nuclei_RadialDistribution_ZernikePhase_CY5_4_4,0.009291804851693024
Nuclei_Texture_Correlation_CY5_3_00_256,0.043097736475758826
Nuclei_RadialDistribution_RadialCV_RFP_2of4,0.11760384739864045
Cytoplasm_RadialDistribution_ZernikeMagnitude_DAPI_9_3,0.059199683841746856
Cells_RadialDistribution_RadialCV_RFP_4of4,-0.14144582212217974
Cells_RadialDistribution_RadialCV_GFP_2of4,-0.04903432552230762
Cytoplasm_Intensity_StdIntensity_DAPI,1.0213931155883809
Nuclei_RadialDistribution_ZernikePhase_DAPI_6_2,-0.04994550229674906
Nuclei_RadialDistribution_ZernikeMagnitude_CY5_5_3,0.005309541186095525
Cytoplasm_AreaShape_Zernike_8_4,0.059417302801135094
Cytoplasm_Correlation_Correlation_DAPI_RFP,-0.06772109180947646
Cells_RadialDistribution_MeanFrac_RFP_2of4,-0.08648286796745877
Cells_RadialDistribution_ZernikeMagnitude_GFP_9_1,-0.04296398277993437
Nuclei_AreaShape_Zernike_9_7,-0.09882934706502204
Cytoplasm_RadialDistribution_RadialCV_DAPI_4of4,0.13736275925375308
Nuclei_AreaShape_Zernike_9_3,0.009549722716191861
Nuclei_RadialDistribution_ZernikeMagnitude_CY5_8_6,-0.04265157956052195
Nuclei_RadialDistribution_ZernikePhase_DAPI_8_8,-0.041640327191476575
Cells_RadialDistribution_ZernikePhase_GFP_7_1,-0.03278926222262535
Nuclei_RadialDistribution_ZernikePhase_GFP_9_9,-0.0008858599530756848
Cells_RadialDistribution_ZernikePhase_DAPI_7_3,-0.05671139280233649
Cytoplasm_RadialDistribution_ZernikeMagnitude_RFP_8_0,-0.02715030044204422
Cells_RadialDistribution_ZernikeMagnitude_GFP_6_0,-0.16496062319432203
Nuclei_RadialDistribution_ZernikeMagnitude_RFP_5_3,-0.027614007295682422
Nuclei_RadialDistribution_ZernikePhase_GFP_9_5,0.004784433616795134
Cytoplasm_Correlation_Overlap_DAPI_RFP,0.03706828769725567
Cytoplasm_RadialDistribution_ZernikePhase_DAPI_4_4,0.03973084484726001
Cytoplasm_RadialDistribution_ZernikePhase_DAPI_4_2,0.008170115017247319
Cytoplasm_RadialDistribution_ZernikePhase_DAPI_8_4,-0.050079302926156415
Cells_RadialDistribution_ZernikeMagnitude_GFP_8_0,0.09314003322808428
Cytoplasm_RadialDistribution_ZernikeMagnitude_GFP_7_3,-0.031149585621211645
Cells_Correlation_RWC_GFP_DAPI,-0.22878797071893847
Cytoplasm_RadialDistribution_ZernikePhase_GFP_6_2,-0.042121627507677985
Nuclei_Intensity_MinIntensityEdge_GFP,-0.18183807226006116
Cells_RadialDistribution_ZernikePhase_DAPI_3_3,-0.002018936562366409
Nuclei_RadialDistribution_ZernikeMagnitude_CY5_9_5,0.035001423198016815
Nuclei_RadialDistribution_ZernikeMagnitude_RFP_6_2,-0.04363322373697561
Cytoplasm_AreaShape_Zernike_9_3,-0.019601128170932628
Cells_Correlation_Overlap_DAPI_RFP,-0.2192387396457399
Nuclei_RadialDistribution_ZernikePhase_RFP_6_4,-0.02883295543598483
Nuclei_AreaShape_Zernike_7_7,-0.015355328921758215
Nuclei_RadialDistribution_ZernikePhase_CY5_7_1,0.010214053351766044
Cytoplasm_Intensity_MassDisplacement_GFP,0.0564956983146576
Nuclei_RadialDistribution_ZernikeMagnitude_DAPI_7_1,-0.08865223585755444
Nuclei_Correlation_Overlap_DAPI_RFP,0.19923581767026646
Cytoplasm_RadialDistribution_ZernikeMagnitude_RFP_1_1,0.13989101104946614
Cells_RadialDistribution_ZernikePhase_GFP_4_4,-0.07036945892806758
Cytoplasm_Texture_Correlation_DAPI_3_02_256,-0.0518016788613982
Cytoplasm_Intensity_LowerQuartileIntensity_RFP,-0.22681023635234263
Cells_AreaShape_Zernike_1_1,-0.14519541091295335
Cytoplasm_RadialDistribution_ZernikePhase_RFP_7_3,-0.02767909020594207
Cells_RadialDistribution_ZernikeMagnitude_CY5_4_0,0.19379872271227136
Nuclei_RadialDistribution_ZernikeMagnitude_CY5_6_0,0.024422349624112497
Cytoplasm_Intensity_IntegratedIntensity_CY5,-0.1967571702883753
Cells_RadialDistribution_ZernikePhase_CY5_1_1,-0.07086782920388823
Nuclei_RadialDistribution_ZernikePhase_DAPI_3_1,0.009118266135554423
Cytoplasm_RadialDistribution_ZernikePhase_GFP_9_1,-0.04341354467144327
Cytoplasm_Texture_Correlation_GFP_3_02_256,0.06447387969646345
Cells_Correlation_Correlation_CY5_DAPI,-0.6422440708035256
Nuclei_RadialDistribution_ZernikePhase_RFP_9_9,-0.016020392760325346
Nuclei_RadialDistribution_ZernikePhase_RFP_4_4,-0.02066229246129307
Cells_RadialDistribution_ZernikePhase_DAPI_7_5,0.03161447224498916
Cells_RadialDistribution_ZernikePhase_CY5_6_2,-0.030710108484969342
Cells_RadialDistribution_ZernikePhase_GFP_3_3,0.03879267636496592
Cytoplasm_RadialDistribution_ZernikeMagnitude_CY5_4_2,-0.12350351153077987
Nuclei_RadialDistribution_RadialCV_RFP_1of4,0.039025543293717366
Cells_RadialDistribution_ZernikeMagnitude_CY5_8_0,-0.1022455205222358
Nuclei_RadialDistribution_ZernikeMagnitude_CY5_7_1,0.010145690430721823
Cytoplasm_RadialDistribution_ZernikeMagnitude_GFP_6_2,0.25493474540287053
Nuclei_AreaShape_Zernike_5_3,0.032749592219456614
Nuclei_RadialDistribution_MeanFrac_DAPI_2of4,0.37781142233747356
Cells_RadialDistribution_FracAtD_RFP_3of4,-0.0516004278292608
Cytoplasm_RadialDistribution_ZernikeMagnitude_RFP_4_2,-0.16881593096010997
Cytoplasm_RadialDistribution_FracAtD_GFP_1of4,0.10206000392039258
Nuclei_AreaShape_Zernike_2_2,0.28592368806889573
Nuclei_RadialDistribution_ZernikePhase_GFP_4_2,0.033514756185650266
Nuclei_RadialDistribution_ZernikePhase_DAPI_6_6,-0.009100914074614504
Cells_RadialDistribution_ZernikePhase_RFP_7_1,0.007480885395869099
Nuclei_Correlation_Overlap_GFP_RFP,-0.0488676702713421
Nuclei_Texture_DifferenceEntropy_RFP_3_03_256,0.12648796795573775
Cells_Texture_Contrast_DAPI_3_01_256,-0.5596222353879305
Nuclei_AreaShape_Zernike_2_0,-0.17071060487826617
Cytoplasm_Intensity_StdIntensityEdge_GFP,-0.5351824002765903
Nuclei_Texture_Correlation_DAPI_3_03_256,0.41239807962107355
Nuclei_RadialDistribution_ZernikeMagnitude_GFP_7_3,-0.026674442199061104
Cells_Texture_InfoMeas2_RFP_3_03_256,-0.15595149430472066
Cells_AreaShape_Zernike_6_2,-0.08628378078621436
Nuclei_RadialDistribution_ZernikePhase_DAPI_8_6,-0.014791598186016868
Nuclei_RadialDistribution_ZernikePhase_CY5_6_6,-0.013085167086297575
Cytoplasm_RadialDistribution_ZernikeMagnitude_DAPI_3_1,0.21332399698557905
Cells_Correlation_K_GFP_DAPI,-0.1416422212946909
Nuclei_RadialDistribution_FracAtD_GFP_4of4,-0.29241334189239865
Cytoplasm_RadialDistribution_ZernikeMagnitude_RFP_5_3,0.08255337270087378
Nuclei_RadialDistribution_ZernikeMagnitude_DAPI_9_1,-0.025647386442970592
Nuclei_Correlation_RWC_DAPI_CY5,-0.3373812274624935
Nuclei_RadialDistribution_ZernikePhase_CY5_6_2,0.01466639610208963
Cells_Intensity_MaxIntensityEdge_RFP,-0.22828873086313145
Nuclei_RadialDistribution_ZernikeMagnitude_CY5_3_1,-0.06522300369510532
Cytoplasm_Correlation_RWC_DAPI_RFP,0.03314227781173398
Nuclei_RadialDistribution_ZernikeMagnitude_RFP_2_0,-0.2272552547332883
Nuclei_Intensity_MaxIntensity_GFP,0.3738292229318867
Cells_Texture_InfoMeas2_RFP_3_02_256,-0.047538039211729805
Nuclei_Correlation_Correlation_CY5_GFP,0.14804429454807888
Nuclei_RadialDistribution_ZernikePhase_DAPI_4_2,-0.010759471733056657
Cells_AreaShape_MedianRadius,0.33586635640442725
Cells_RadialDistribution_ZernikePhase_DAPI_9_9,0.01684567383312426
Cytoplasm_Intensity_IntegratedIntensity_DAPI,-0.4555171305751625
Nuclei_AreaShape_Zernike_4_4,0.07043384957110956
Nuclei_Correlation_RWC_RFP_DAPI,-0.04798286037528993
Cytoplasm_Texture_Correlation_GFP_3_03_256,0.04834577859140644
Nuclei_RadialDistribution_ZernikePhase_GFP_8_4,0.011063701582162985
Cytoplasm_RadialDistribution_ZernikePhase_DAPI_8_6,-0.00800273109186816
Nuclei_RadialDistribution_ZernikeMagnitude_RFP_4_0,0.020512987040512052
Nuclei_AreaShape_Zernike_4_2,0.037649028858474966
Nuclei_RadialDistribution_ZernikePhase_RFP_7_5,-0.004705239107676039
Cells_Intensity_MaxIntensityEdge_CY5,-0.03046465714404063
Cells_RadialDistribution_ZernikeMagnitude_RFP_8_0,-0.060652816798051595
Nuclei_Granularity_1_DAPI,-0.24884911437226
Cytoplasm_RadialDistribution_ZernikePhase_CY5_6_4,0.051179380598892855
Cells_RadialDistribution_MeanFrac_GFP_3of4,0.12053185733421017
Cells_RadialDistribution_ZernikePhase_DAPI_2_2,0.015280494256942235
Nuclei_RadialDistribution_ZernikeMagnitude_GFP_2_2,0.21961487145669117
Nuclei_AreaShape_MajorAxisLength,0.8739159910668562
Nuclei_RadialDistribution_MeanFrac_CY5_3of4,0.7096971176159588
Nuclei_RadialDistribution_ZernikeMagnitude_DAPI_7_7,0.07060505360514535
Cells_RadialDistribution_ZernikePhase_GFP_5_3,0.03687226873231904
Cells_RadialDistribution_ZernikeMagnitude_RFP_8_2,-0.0731086482622965
Cytoplasm_RadialDistribution_ZernikeMagnitude_CY5_9_1,0.04484938744309113
Cells_Texture_InfoMeas1_RFP_3_00_256,-0.28465290741877375
Nuclei_AreaShape_Zernike_7_3,0.07044383930241178
Nuclei_RadialDistribution_FracAtD_DAPI_1of4,0.09884661356572515
Cells_Correlation_RWC_DAPI_RFP,-0.23888520448059228
Nuclei_RadialDistribution_ZernikeMagnitude_CY5_7_3,-0.030489398775435134
Nuclei_RadialDistribution_ZernikeMagnitude_CY5_9_7,0.03964963157300235
Nuclei_RadialDistribution_ZernikePhase_CY5_9_1,0.029288653548057195
Cytoplasm_RadialDistribution_ZernikePhase_RFP_8_2,-0.07431160125877448
Cells_RadialDistribution_ZernikePhase_DAPI_4_2,-0.005316825385595187
Cells_RadialDistribution_ZernikePhase_DAPI_1_1,-0.019694468832654417
Cells_Texture_InfoMeas2_GFP_3_00_256,0.3099224166517721
Cytoplasm_RadialDistribution_ZernikeMagnitude_CY5_7_1,0.06193486055643265
Nuclei_AreaShape_Zernike_3_1,0.038608788643819746
Nuclei_RadialDistribution_ZernikePhase_GFP_5_1,-0.007400919352095977
Nuclei_RadialDistribution_ZernikeMagnitude_DAPI_3_3,0.03608386163286231
Nuclei_AreaShape_FormFactor,-0.2178967086689962
Nuclei_Texture_Correlation_DAPI_3_00_256,0.00926168912600695
Nuclei_RadialDistribution_ZernikePhase_RFP_6_6,0.015887824690970002
Nuclei_RadialDistribution_ZernikePhase_GFP_6_4,0.04317380228552447
Cells_RadialDistribution_ZernikePhase_GFP_8_4,0.003584890073306856
Nuclei_RadialDistribution_ZernikePhase_CY5_5_5,0.005587385989753421
Cytoplasm_RadialDistribution_ZernikeMagnitude_RFP_3_1,-0.12288537089224034
Cells_RadialDistribution_ZernikeMagnitude_GFP_5_1,-0.18874864263714258
Cells_RadialDistribution_ZernikePhase_CY5_7_3,0.04528588531111649
Nuclei_RadialDistribution_ZernikePhase_GFP_4_4,0.0032524248714912484
Cells_RadialDistribution_ZernikePhase_CY5_4_4,-0.023177946451331376
Cytoplasm_Correlation_RWC_DAPI_CY5,-0.03390240302392637
Nuclei_Correlation_Overlap_DAPI_GFP,0.22868899909345264
Nuclei_RadialDistribution_ZernikePhase_GFP_7_7,0.004549922523023756
Cytoplasm_RadialDistribution_FracAtD_RFP_4of4,-1.234039277499645
Cells_RadialDistribution_ZernikePhase_CY5_5_3,0.07132030950623898
Cells_RadialDistribution_ZernikePhase_DAPI_7_1,0.06839773482467605
Cytoplasm_RadialDistribution_ZernikeMagnitude_CY5_5_3,-0.07226209108200486
Nuclei_Correlation_RWC_GFP_DAPI,0.19076636441184844
Cells_AreaShape_Zernike_3_1,0.038489939533299225
Cytoplasm_RadialDistribution_ZernikePhase_DAPI_8_8,0.03444354757778159
Nuclei_AreaShape_Zernike_5_5,0.11516066702379989
Nuclei_RadialDistribution_ZernikePhase_CY5_5_3,0.041424748609803115
Cells_AreaShape_Zernike_8_6,-0.04487835917234496
Cells_RadialDistribution_ZernikeMagnitude_CY5_7_1,-0.0246582347112473
Cytoplasm_RadialDistribution_ZernikePhase_GFP_8_4,0.02296837070657485
Cytoplasm_RadialDistribution_ZernikePhase_RFP_5_3,-0.028716961981477836
Cytoplasm_Texture_Contrast_GFP_3_02_256,0.06574465053255908
Nuclei_Correlation_RWC_CY5_DAPI,0.04070582945473115
Cytoplasm_RadialDistribution_ZernikeMagnitude_GFP_2_0,0.2786577128393443
Cells_AreaShape_Zernike_9_5,-0.05333272315988291
Nuclei_RadialDistribution_ZernikePhase_DAPI_6_4,0.0038778389670922546
Cells_RadialDistribution_ZernikePhase_RFP_6_2,0.007958660983987337
Cytoplasm_Texture_Correlation_GFP_3_00_256,-0.07759395787787812
Cells_RadialDistribution_ZernikePhase_GFP_5_1,0.0170818614073096
Cytoplasm_AreaShape_Zernike_9_5,0.06411007959299118
Cytoplasm_RadialDistribution_RadialCV_CY5_2of4,-0.03410320735901023
Cells_RadialDistribution_RadialCV_CY5_3of4,-0.26108312318820753
Cytoplasm_RadialDistribution_FracAtD_DAPI_4of4,0.3168042095336101
Cells_Texture_InfoMeas1_DAPI_3_03_256,-0.6906266531320381
Nuclei_AreaShape_Zernike_1_1,0.06341813756026447
Cytoplasm_RadialDistribution_ZernikeMagnitude_DAPI_7_3,-0.11765254513402063
Cytoplasm_RadialDistribution_ZernikePhase_CY5_5_1,-0.02396186864603958
Cells_RadialDistribution_ZernikeMagnitude_DAPI_3_1,-0.15547706018343024
Nuclei_RadialDistribution_ZernikePhase_RFP_7_1,-0.01676223193030278
Cytoplasm_RadialDistribution_ZernikePhase_DAPI_9_1,0.017876459627211932
Nuclei_RadialDistribution_ZernikeMagnitude_GFP_7_1,0.11447632580187946
Cytoplasm_RadialDistribution_MeanFrac_GFP_3of4,0.3779517586274027
Nuclei_Intensity_MassDisplacement_GFP,0.14493046057618317
Nuclei_RadialDistribution_ZernikeMagnitude_RFP_7_7,-0.12435873944909002
Nuclei_RadialDistribution_ZernikeMagnitude_DAPI_6_0,-0.023446152289694128
Cytoplasm_Texture_InfoMeas1_DAPI_3_03_256,0.5568783654898726
Cells_RadialDistribution_ZernikeMagnitude_GFP_9_3,0.010428263763737363
Nuclei_RadialDistribution_ZernikeMagnitude_CY5_8_0,0.008511930063667628
Nuclei_RadialDistribution_ZernikeMagnitude_DAPI_1_1,-0.038172307337301134
Nuclei_RadialDistribution_ZernikePhase_RFP_8_6,0.03615716137143049
Nuclei_Texture_Correlation_CY5_3_01_256,0.17676819649682304
Nuclei_AreaShape_Zernike_6_4,-0.009198628427249089
Nuclei_RadialDistribution_FracAtD_CY5_1of4,-0.016387706149876908
Cytoplasm_RadialDistribution_ZernikePhase_DAPI_8_2,-0.01759197642894615
Cells_RadialDistribution_ZernikeMagnitude_RFP_5_1,-0.08860688727747255
Nuclei_RadialDistribution_ZernikeMagnitude_CY5_9_3,-0.026470330604875112
Nuclei_RadialDistribution_ZernikeMagnitude_GFP_6_0,-0.04436855328243397
Cytoplasm_AreaShape_Zernike_7_3,0.07263371600030805
Nuclei_RadialDistribution_ZernikePhase_RFP_7_7,0.009036407711210493
Cells_RadialDistribution_ZernikePhase_DAPI_8_2,0.036692179100899946
Cytoplasm_RadialDistribution_ZernikePhase_RFP_3_1,-0.024772586423806836
Nuclei_RadialDistribution_RadialCV_GFP_2of4,0.09432834925584463
Nuclei_RadialDistribution_ZernikeMagnitude_GFP_8_0,-0.08491064028192413
Nuclei_RadialDistribution_ZernikeMagnitude_GFP_1_1,0.15206455400733604
Cells_Texture_Correlation_DAPI_3_02_256,1.2072811347715222
Nuclei_Correlation_Overlap_CY5_GFP,0.03417485579183056
Nuclei_Intensity_StdIntensityEdge_DAPI,0.04536073548544751
Cells_RadialDistribution_ZernikeMagnitude_CY5_6_0,0.13158141673600554
Cytoplasm_RadialDistribution_RadialCV_GFP_3of4,-0.14627988784463442
Cells_RadialDistribution_ZernikeMagnitude_CY5_9_9,-0.03318332764434821
Nuclei_RadialDistribution_ZernikeMagnitude_CY5_6_2,0.09101438594585304
Nuclei_RadialDistribution_ZernikeMagnitude_GFP_6_4,-0.2066351836141175
Cytoplasm_RadialDistribution_ZernikeMagnitude_DAPI_6_2,0.2045999741432518
Cells_AreaShape_Zernike_9_3,0.020511980377401033
Nuclei_AreaShape_Zernike_7_5,0.024000394009481778
Cytoplasm_Texture_Contrast_GFP_3_03_256,-0.02895319828466455
Cytoplasm_RadialDistribution_ZernikeMagnitude_GFP_4_2,-0.13770359762372192
Cells_RadialDistribution_ZernikePhase_DAPI_6_2,0.031223360441714334
Nuclei_RadialDistribution_RadialCV_CY5_3of4,0.1512814577854092
Cells_Texture_InfoMeas1_GFP_3_01_256,0.08405255819433491
Cells_RadialDistribution_RadialCV_DAPI_3of4,0.0848525018114954
Cytoplasm_Intensity_IntegratedIntensity_GFP,0.31444460008315933
Cytoplasm_RadialDistribution_ZernikeMagnitude_DAPI_8_0,0.04986790822039636
Cells_RadialDistribution_ZernikeMagnitude_RFP_9_3,0.04110389512342933
Nuclei_Texture_Correlation_GFP_3_02_256,-0.03522562582832924
Nuclei_RadialDistribution_ZernikeMagnitude_RFP_4_2,-0.03778816264404745
Cells_Correlation_RWC_DAPI_CY5,0.180093279428601
Cells_RadialDistribution_ZernikeMagnitude_CY5_7_3,0.1286186969222534
Cytoplasm_Texture_InfoMeas1_GFP_3_02_256,-0.2003585257509285
Nuclei_RadialDistribution_ZernikeMagnitude_DAPI_9_3,-0.05020080241446229
Cytoplasm_RadialDistribution_ZernikePhase_DAPI_1_1,0.03688622705112058
Nuclei_RadialDistribution_ZernikeMagnitude_DAPI_9_7,0.1043467483498625
Cytoplasm_RadialDistribution_MeanFrac_GFP_4of4,0.321869699963532
Nuclei_Texture_Contrast_RFP_3_01_256,-0.06140216801628346
Cytoplasm_AreaShape_Zernike_6_2,0.058241314690631894
Nuclei_RadialDistribution_ZernikePhase_GFP_3_1,0.007701743926422332
Nuclei_AreaShape_Zernike_8_2,0.005783744194011575
Nuclei_Texture_InverseDifferenceMoment_RFP_3_00_256,-0.13545183748575584
Cells_RadialDistribution_ZernikeMagnitude_CY5_8_2,-0.13500754629677672
Nuclei_RadialDistribution_ZernikeMagnitude_RFP_7_3,0.07145353276189075
Cells_Correlation_K_DAPI_GFP,-0.5092963530767861
Nuclei_RadialDistribution_ZernikePhase_DAPI_4_4,-0.022416447036778243
Nuclei_Texture_Correlation_GFP_3_00_256,0.023145033167374318
Cytoplasm_Intensity_MaxIntensityEdge_CY5,-0.19908456207654826
Cytoplasm_Texture_Correlation_DAPI_3_00_256,-0.012640753935722187
Nuclei_RadialDistribution_RadialCV_GFP_4of4,-0.02792455392707547
Nuclei_RadialDistribution_ZernikeMagnitude_RFP_8_0,-0.04503300041023964
Nuclei_RadialDistribution_ZernikeMagnitude_GFP_4_2,-0.08431183122057463
Cells_RadialDistribution_ZernikePhase_DAPI_8_6,-0.017679398894651848
Cytoplasm_RadialDistribution_ZernikePhase_DAPI_6_4,0.008071269747868813
Cells_AreaShape_Zernike_8_2,0.02286760510828063
Cells_Texture_InfoMeas1_RFP_3_01_256,0.5186636177421639
Cytoplasm_Texture_Contrast_DAPI_3_01_256,-0.2910481964404843
Nuclei_RadialDistribution_ZernikePhase_RFP_5_3,-0.03891111024778503
Cells_Texture_InfoMeas1_GFP_3_02_256,0.581580319316563
Cytoplasm_RadialDistribution_ZernikePhase_DAPI_9_5,0.012221645043268814
Cytoplasm_AreaShape_Zernike_7_1,0.04199730943806253
Nuclei_Correlation_RWC_CY5_RFP,-0.3195430069851728
Cytoplasm_RadialDistribution_ZernikePhase_CY5_9_1,0.05381801346429238
Nuclei_Texture_Correlation_CY5_3_03_256,0.1622483388245994
Cytoplasm_RadialDistribution_ZernikeMagnitude_CY5_2_0,-0.24923503015270485
Nuclei_AreaShape_Orientation,0.05609241251197214
Nuclei_RadialDistribution_ZernikeMagnitude_CY5_4_2,0.17275945351288916
Cytoplasm_RadialDistribution_ZernikePhase_CY5_9_3,-0.017316548189079174
Cytoplasm_AreaShape_Zernike_9_1,0.05953883877337573
Cytoplasm_RadialDistribution_ZernikePhase_DAPI_3_1,-0.028965193820648313
Nuclei_RadialDistribution_ZernikeMagnitude_DAPI_7_3,-0.009003463615466155
Nuclei_RadialDistribution_ZernikePhase_RFP_8_4,0.003677051063487342
Cells_RadialDistribution_RadialCV_CY5_2of4,0.06560264024341755
Cells_Correlation_Manders_CY5_DAPI,0.12172845282291045
Cells_Texture_InfoMeas1_CY5_3_03_256,0.234405530413506
Nuclei_RadialDistribution_ZernikeMagnitude_GFP_7_7,0.059436074941043505
Nuclei_RadialDistribution_ZernikeMagnitude_DAPI_8_4,-0.1112351295232861
Nuclei_RadialDistribution_FracAtD_DAPI_3of4,0.8413953333318764
Cells_Intensity_MeanIntensityEdge_CY5,0.4072283321373703
Nuclei_RadialDistribution_ZernikePhase_GFP_9_7,-0.017182372413438306
Nuclei_RadialDistribution_ZernikeMagnitude_CY5_5_1,0.039671947188039444
Nuclei_RadialDistribution_ZernikePhase_CY5_3_3,0.026352574290716323
Cells_RadialDistribution_RadialCV_DAPI_4of4,0.037712187511961676
Nuclei_RadialDistribution_ZernikeMagnitude_GFP_5_1,-0.017084051600024398
Cells_RadialDistribution_ZernikeMagnitude_DAPI_9_3,-0.07714214128860859
Cytoplasm_Intensity_IntegratedIntensityEdge_GFP,0.22007891868710822
Nuclei_RadialDistribution_ZernikeMagnitude_RFP_1_1,-0.07127512802331844
Nuclei_RadialDistribution_FracAtD_CY5_2of4,1.1612124551787928
Nuclei_RadialDistribution_ZernikePhase_GFP_7_1,0.02220489570209755
Nuclei_Texture_InfoMeas1_RFP_3_01_256,-0.35863101103324635
Nuclei_RadialDistribution_ZernikeMagnitude_DAPI_4_0,-0.05844852421814292
Nuclei_RadialDistribution_ZernikeMagnitude_DAPI_9_5,-0.039940730251123706
Cytoplasm_Texture_Contrast_GFP_3_00_256,0.01645251006334488
Nuclei_RadialDistribution_ZernikeMagnitude_CY5_5_5,-0.005728848918595763
Nuclei_RadialDistribution_ZernikeMagnitude_GFP_8_6,-0.09477797031349536
Nuclei_RadialDistribution_ZernikePhase_CY5_9_3,0.04028126649332032
Nuclei_RadialDistribution_RadialCV_DAPI_4of4,0.08162354611701048
Nuclei_RadialDistribution_ZernikeMagnitude_RFP_8_4,-0.004935047884646565
Nuclei_Texture_InfoMeas2_RFP_3_00_256,-0.018150122207547616
Cells_Texture_Correlation_DAPI_3_01_256,-1.141353504762757
Cells_RadialDistribution_ZernikePhase_RFP_4_2,-0.02975034361133548
Cytoplasm_RadialDistribution_ZernikeMagnitude_CY5_8_2,0.18838217450134973
Cytoplasm_RadialDistribution_ZernikeMagnitude_GFP_2_2,0.1462017957459558
Cells_RadialDistribution_ZernikeMagnitude_RFP_9_1,0.018850609955925485
Nuclei_Texture_InverseDifferenceMoment_RFP_3_02_256,-0.0998439836245723
Nuclei_RadialDistribution_ZernikePhase_DAPI_9_9,0.006143731225659274
Cells_RadialDistribution_ZernikePhase_GFP_8_2,0.016539260694532515
Nuclei_RadialDistribution_FracAtD_RFP_1of4,0.15340020198938278
Nuclei_Correlation_Overlap_CY5_RFP,-0.036991776685358795
Cytoplasm_RadialDistribution_ZernikePhase_CY5_9_7,0.04109119258721681
Cytoplasm_RadialDistribution_ZernikeMagnitude_RFP_8_4,-0.03199123640615648
Cytoplasm_RadialDistribution_ZernikePhase_CY5_3_3,0.06354465002984042
Cytoplasm_RadialDistribution_ZernikePhase_CY5_5_5,-0.052473766724537144
Nuclei_AreaShape_Zernike_8_0,0.09462047136193208
Nuclei_RadialDistribution_FracAtD_RFP_2of4,-0.42035775106222517
Cytoplasm_RadialDistribution_ZernikePhase_DAPI_7_5,-0.018146144740209036
Cytoplasm_RadialDistribution_RadialCV_RFP_3of4,-0.05347551307373478
Cytoplasm_RadialDistribution_ZernikeMagnitude_GFP_4_0,0.18716447336765918
Cytoplasm_RadialDistribution_ZernikePhase_DAPI_5_5,0.015384959956242618
Nuclei_RadialDistribution_ZernikeMagnitude_RFP_7_1,-0.04804148214157577
Cytoplasm_Correlation_Overlap_DAPI_GFP,-0.11078985549616892
Nuclei_RadialDistribution_ZernikeMagnitude_RFP_9_7,0.06422483543514404
Nuclei_RadialDistribution_ZernikePhase_CY5_9_5,-0.0023355271855709406
Cytoplasm_RadialDistribution_RadialCV_RFP_2of4,0.10711514036317815
Nuclei_AreaShape_Zernike_7_1,-0.07478038300426654
Nuclei_RadialDistribution_ZernikeMagnitude_GFP_8_8,-0.06121658261402498
Cytoplasm_RadialDistribution_ZernikeMagnitude_RFP_2_0,0.6267982016916381
Cells_RadialDistribution_ZernikePhase_RFP_9_1,-0.02744988136535166
Cytoplasm_RadialDistribution_ZernikePhase_CY5_7_1,0.026872535334543677
Cytoplasm_RadialDistribution_ZernikeMagnitude_DAPI_8_2,0.0013046558959095107
Cytoplasm_RadialDistribution_ZernikePhase_RFP_6_2,0.01857438443299997
Cells_Texture_InfoMeas1_DAPI_3_01_256,0.04500340424219431
Cells_RadialDistribution_ZernikePhase_DAPI_6_4,-0.00426989019892847
Cells_RadialDistribution_RadialCV_DAPI_1of4,-0.02344693137331688
Cells_RadialDistribution_ZernikePhase_RFP_1_1,-0.06331850949719414
Nuclei_RadialDistribution_MeanFrac_DAPI_3of4,-0.03173782575339067
Cytoplasm_RadialDistribution_ZernikePhase_GFP_1_1,-0.0329698662862888
Nuclei_Texture_InverseDifferenceMoment_RFP_3_01_256,-0.08287187608609173
Cytoplasm_RadialDistribution_ZernikePhase_DAPI_3_3,-0.013720820198863549
Nuclei_Texture_InfoMeas1_RFP_3_00_256,0.061780469126781
Nuclei_RadialDistribution_MeanFrac_CY5_2of4,-0.8435387960863759
Cells_Texture_InfoMeas1_GFP_3_00_256,-0.3379799139055459
Cytoplasm_RadialDistribution_ZernikePhase_CY5_8_4,0.02045869853141445
Cytoplasm_RadialDistribution_ZernikeMagnitude_GFP_5_3,-0.018005736728251037
Nuclei_RadialDistribution_RadialCV_CY5_1of4,-0.035016155742776
Cells_Texture_Contrast_DAPI_3_02_256,0.6030165761491058
Nuclei_RadialDistribution_FracAtD_CY5_3of4,-1.1608047466670164
Cytoplasm_RadialDistribution_ZernikeMagnitude_DAPI_5_1,0.04244841740870452
Nuclei_Granularity_1_GFP,0.1172753051580181
Cytoplasm_RadialDistribution_ZernikeMagnitude_RFP_7_3,-0.10536021360692857
Nuclei_RadialDistribution_ZernikeMagnitude_CY5_7_5,-0.0691166503798481
Cytoplasm_RadialDistribution_ZernikePhase_GFP_4_2,-0.02061736533371431
Cells_RadialDistribution_ZernikeMagnitude_CY5_6_2,0.22960375475461214
Cytoplasm_RadialDistribution_ZernikePhase_RFP_9_3,-0.04308509544507599
Cytoplasm_RadialDistribution_ZernikeMagnitude_DAPI_9_1,0.058788739842620646
Cytoplasm_RadialDistribution_ZernikePhase_GFP_5_1,0.0376255840574003
Nuclei_RadialDistribution_ZernikePhase_CY5_1_1,0.019111429127632147
Cytoplasm_RadialDistribution_ZernikeMagnitude_RFP_8_2,0.017635789586082196
Nuclei_Granularity_1_RFP,0.10439690435577702
Nuclei_Intensity_MADIntensity_GFP,-0.66508515141643
Cytoplasm_RadialDistribution_ZernikeMagnitude_CY5_6_2,-0.09371506961254761
Cells_RadialDistribution_ZernikePhase_CY5_9_5,0.032311571704409195
Nuclei_RadialDistribution_ZernikeMagnitude_GFP_8_4,-0.10234434374537116
Nuclei_RadialDistribution_ZernikePhase_DAPI_5_3,0.029675913091714943
Nuclei_RadialDistribution_ZernikePhase_RFP_4_2,-0.01573697880116416
Nuclei_Intensity_MassDisplacement_DAPI,-0.042292015538896346
Nuclei_RadialDistribution_ZernikePhase_CY5_5_1,0.0040383825902032666
Cytoplasm_AreaShape_Eccentricity,-0.08107032465200734
Nuclei_RadialDistribution_ZernikeMagnitude_DAPI_9_9,-0.105419641544095
Cells_RadialDistribution_ZernikePhase_CY5_3_1,0.048753370752035
Cells_RadialDistribution_ZernikePhase_DAPI_9_3,0.051711774333055904
Cells_RadialDistribution_MeanFrac_DAPI_3of4,-0.1471504049131672
Nuclei_RadialDistribution_ZernikeMagnitude_GFP_9_1,0.10446004966447658
Cytoplasm_RadialDistribution_ZernikePhase_RFP_8_4,0.054383776463978274
Cells_RadialDistribution_ZernikePhase_CY5_6_6,0.0035638923723160503
Nuclei_RadialDistribution_ZernikePhase_CY5_8_4,0.018852735701616635
Cells_RadialDistribution_ZernikePhase_CY5_9_3,-0.006380098039146364
Nuclei_RadialDistribution_ZernikePhase_GFP_8_6,0.019981760170733394
Cells_RadialDistribution_ZernikeMagnitude_DAPI_7_1,0.10298048476633083
Cytoplasm_Texture_Correlation_DAPI_3_01_256,-0.38357376382058267
Nuclei_Intensity_MADIntensity_RFP,0.23092029028443412
Nuclei_RadialDistribution_ZernikePhase_GFP_8_2,-0.023582881509824797
Nuclei_RadialDistribution_ZernikePhase_RFP_7_3,-0.02791443073426677
Cytoplasm_AreaShape_Zernike_8_0,0.02414054718485948
Cells_AreaShape_Zernike_8_0,-0.016925927894271428
Nuclei_RadialDistribution_FracAtD_RFP_4of4,-1.9925754702179066
Nuclei_RadialDistribution_ZernikePhase_DAPI_7_1,0.0004513973050887549
Nuclei_Intensity_MinIntensity_GFP,0.5127478197234097
Cytoplasm_Granularity_1_DAPI,-0.30231751923599903
Cells_AreaShape_Zernike_7_3,-0.0631842260377859
Cells_RadialDistribution_ZernikePhase_GFP_3_1,-0.009433402876033458
Cytoplasm_AreaShape_Zernike_4_0,0.06211648371321631
Nuclei_RadialDistribution_MeanFrac_RFP_1of4,-0.3195445209849179
Cytoplasm_RadialDistribution_ZernikePhase_CY5_3_1,-0.09791864078658637
Nuclei_RadialDistribution_ZernikeMagnitude_DAPI_2_0,0.7665423962823851
Cytoplasm_RadialDistribution_RadialCV_CY5_3of4,-0.0409183754895748
Nuclei_RadialDistribution_ZernikeMagnitude_GFP_9_5,-0.08105537853484775
Nuclei_RadialDistribution_ZernikePhase_DAPI_3_3,0.01904012579754549
Nuclei_RadialDistribution_ZernikePhase_DAPI_8_4,-0.014268395326540957
Nuclei_RadialDistribution_ZernikePhase_DAPI_9_5,0.0002804441778171809
Cells_RadialDistribution_MeanFrac_DAPI_1of4,-0.1874837480975047
Cytoplasm_RadialDistribution_ZernikePhase_CY5_9_5,0.007513114795859177
Cytoplasm_RadialDistribution_FracAtD_DAPI_3of4,-0.017983421575410576
Cells_AreaShape_Zernike_8_4,-0.051992906020253
Nuclei_RadialDistribution_ZernikeMagnitude_GFP_5_3,0.028259206504532817
Cells_RadialDistribution_ZernikeMagnitude_DAPI_4_0,0.1801946112853442
Cells_RadialDistribution_ZernikePhase_RFP_8_4,-0.005321627676034966
Nuclei_AreaShape_Zernike_6_0,0.04287239863291548
Nuclei_RadialDistribution_ZernikeMagnitude_GFP_3_3,0.05620760963185991
Nuclei_Texture_InfoMeas1_RFP_3_03_256,0.3285366294454899
Nuclei_Correlation_RWC_CY5_GFP,0.019396222154484406
Nuclei_RadialDistribution_ZernikeMagnitude_RFP_5_1,-0.025537139253657765
Cytoplasm_Correlation_RWC_DAPI_GFP,-0.7685595714959486
Cytoplasm_RadialDistribution_ZernikeMagnitude_GFP_9_3,-0.07626920124592272
Cells_RadialDistribution_ZernikeMagnitude_DAPI_6_2,0.37250693858555695
Nuclei_RadialDistribution_RadialCV_RFP_3of4,0.09306417740148444
Nuclei_RadialDistribution_ZernikeMagnitude_RFP_2_2,-0.06958750515694999
Nuclei_RadialDistribution_ZernikeMagnitude_CY5_9_9,-0.06555883729508392
Nuclei_RadialDistribution_ZernikeMagnitude_RFP_6_0,0.0044020234859295185
Cytoplasm_RadialDistribution_ZernikeMagnitude_DAPI_4_0,0.025831879852153853
Nuclei_RadialDistribution_ZernikeMagnitude_RFP_9_9,0.0689965260789416
Nuclei_RadialDistribution_MeanFrac_GFP_2of4,0.3037171697829559
Nuclei_RadialDistribution_FracAtD_CY5_4of4,-0.8222228441532177
Cells_Texture_InfoMeas2_RFP_3_01_256,0.10107245737722853
Cells_Texture_Correlation_DAPI_3_03_256,-1.2309929702722442
Nuclei_RadialDistribution_ZernikePhase_GFP_8_8,0.017811141918341607
Cytoplasm_Texture_InfoMeas1_GFP_3_01_256,-0.2749254531434399
Cytoplasm_RadialDistribution_RadialCV_GFP_4of4,-0.030194290257184852
Cells_Correlation_K_DAPI_RFP,-0.021483368716488427
Cells_Intensity_MaxIntensityEdge_GFP,0.14729403390975832
Cells_Intensity_MADIntensity_DAPI,-0.12806410605706509
Nuclei_RadialDistribution_RadialCV_DAPI_3of4,-0.13605423658393434
Cytoplasm_RadialDistribution_ZernikeMagnitude_CY5_3_1,-0.05689853946589864
Cytoplasm_RadialDistribution_ZernikePhase_GFP_7_1,0.031435902407577015
Cytoplasm_RadialDistribution_ZernikePhase_DAPI_5_3,-0.030105112526309936
Cells_Intensity_IntegratedIntensityEdge_DAPI,1.0210666259348142
Nuclei_RadialDistribution_ZernikeMagnitude_DAPI_7_5,-0.024750219483722347
Nuclei_RadialDistribution_ZernikePhase_RFP_9_3,-0.026691757657676143
Nuclei_RadialDistribution_ZernikePhase_RFP_5_1,-0.012366218789304563
Cytoplasm_Texture_InfoMeas1_DAPI_3_02_256,-0.6732317244179232
Cells_Intensity_IntegratedIntensityEdge_CY5,0.4675209966992736
Nuclei_AreaShape_Zernike_8_6,0.07902218372286415
Cytoplasm_Texture_SumVariance_GFP_3_03_256,0.29217580182844083
Nuclei_Texture_Correlation_GFP_3_01_256,-0.018772563244843707
Cells_Intensity_MaxIntensityEdge_DAPI,-0.13437208806033785
Cytoplasm_RadialDistribution_ZernikeMagnitude_RFP_6_2,-0.08457276401886192
Nuclei_Texture_InfoMeas1_RFP_3_02_256,-0.03717908725213531
Nuclei_RadialDistribution_ZernikeMagnitude_GFP_4_0,-0.12612883240494474
Nuclei_Texture_Correlation_DAPI_3_01_256,0.34920977789183827
Cells_RadialDistribution_MeanFrac_RFP_4of4,0.10618676895954947
Cells_RadialDistribution_ZernikePhase_RFP_5_3,0.059392920620733085
Nuclei_RadialDistribution_RadialCV_DAPI_2of4,-0.06605582175751885
Cytoplasm_Correlation_K_GFP_DAPI,0.42713253516068234
Nuclei_RadialDistribution_ZernikePhase_GFP_3_3,-0.026023857121429413
Nuclei_RadialDistribution_ZernikeMagnitude_DAPI_5_3,0.025421968670048766
Cytoplasm_Texture_InfoMeas1_GFP_3_00_256,0.5704393102175657
Cells_RadialDistribution_RadialCV_RFP_2of4,0.054148001250462006
Cells_RadialDistribution_ZernikePhase_CY5_7_5,0.023992469542464524
Nuclei_AreaShape_Zernike_9_5,0.05338398679950537
Cells_RadialDistribution_ZernikeMagnitude_CY5_9_3,-0.19715887302701918
Cells_RadialDistribution_ZernikePhase_RFP_7_3,0.0012636576997763348
Nuclei_RadialDistribution_ZernikeMagnitude_RFP_8_8,0.10986730470771494
Cytoplasm_RadialDistribution_ZernikeMagnitude_DAPI_2_0,-0.282834199447102
Cells_AreaShape_Zernike_5_1,-0.023335948932265226
Cytoplasm_RadialDistribution_ZernikePhase_CY5_7_3,0.006207523627986831
Nuclei_RadialDistribution_ZernikeMagnitude_RFP_9_5,0.013442033880445283
Cytoplasm_RadialDistribution_ZernikePhase_DAPI_9_9,-0.009915421150969543
Cytoplasm_RadialDistribution_ZernikeMagnitude_RFP_9_1,-0.08639939281970987
Nuclei_Correlation_RWC_DAPI_GFP,0.3789452101086185
Cytoplasm_RadialDistribution_ZernikeMagnitude_DAPI_7_1,-0.0642291269342228
Cytoplasm_RadialDistribution_ZernikePhase_DAPI_7_3,-0.001262617172911805
Cells_AreaShape_Zernike_4_0,-0.057255764961217044
Nuclei_RadialDistribution_ZernikeMagnitude_GFP_9_7,0.009126270703773951
Cytoplasm_RadialDistribution_ZernikeMagnitude_CY5_7_3,0.08343807184212852
Cytoplasm_RadialDistribution_ZernikePhase_RFP_9_1,0.02057820451464805
Cytoplasm_Correlation_RWC_RFP_CY5,0.377769317329023
Cytoplasm_Intensity_IntegratedIntensityEdge_DAPI,-1.6263863740533349
Cytoplasm_RadialDistribution_ZernikePhase_CY5_1_1,-0.006758939056861277
Cells_RadialDistribution_ZernikePhase_DAPI_6_6,-0.007664598460867324
Nuclei_RadialDistribution_MeanFrac_DAPI_4of4,-0.1503031392642812
Nuclei_RadialDistribution_ZernikePhase_CY5_7_3,0.017589616168441752
Nuclei_RadialDistribution_FracAtD_DAPI_4of4,2.1816256771576596
Cells_RadialDistribution_ZernikeMagnitude_RFP_4_0,-0.1914787178960416
Cells_RadialDistribution_MeanFrac_DAPI_4of4,-0.29141150908499974
Cytoplasm_Intensity_MeanIntensityEdge_CY5,0.02399068052767887
Cytoplasm_AreaShape_Solidity,0.3800551138309702
Cytoplasm_RadialDistribution_ZernikeMagnitude_GFP_6_0,0.010864444897998144
Nuclei_RadialDistribution_ZernikeMagnitude_DAPI_5_5,-0.12058585533130567
Cells_RadialDistribution_ZernikePhase_RFP_9_3,-0.00888810300082855
Nuclei_Intensity_IntegratedIntensity_CY5,-0.1374561182401682
Nuclei_Texture_Correlation_RFP_3_03_256,0.0785480088445487
Cells_Correlation_Correlation_DAPI_GFP,1.534277667700247
Cells_AreaShape_Zernike_7_1,-0.01591248263035619
Nuclei_RadialDistribution_ZernikePhase_CY5_9_7,0.03693326662645444
Cytoplasm_RadialDistribution_ZernikePhase_RFP_9_5,0.009686161951739759
Nuclei_RadialDistribution_ZernikePhase_GFP_7_3,0.03070467224707769
Nuclei_Granularity_1_CY5,-0.1000462097886983
Nuclei_RadialDistribution_ZernikePhase_RFP_8_8,-0.005493024664979221
Cells_Texture_InfoMeas1_CY5_3_00_256,0.08812867353735516
Cytoplasm_Correlation_K_RFP_CY5,0.14851731260325976
Nuclei_RadialDistribution_FracAtD_GFP_3of4,0.05237643950935926
Nuclei_AreaShape_Zernike_6_2,0.15057337825028982
Nuclei_Texture_Correlation_CY5_3_02_256,-0.08977636286499115
Cytoplasm_RadialDistribution_ZernikeMagnitude_RFP_6_0,0.043315615553043973
Cells_Correlation_RWC_DAPI_GFP,-0.2917747719060948
Nuclei_RadialDistribution_ZernikeMagnitude_RFP_3_1,-0.06511070784611162
Nuclei_RadialDistribution_ZernikePhase_GFP_9_1,-0.024806917322396742
Nuclei_RadialDistribution_ZernikeMagnitude_GFP_6_2,0.07016737685815215
Cytoplasm_RadialDistribution_ZernikePhase_RFP_1_1,0.009653684553224448
Nuclei_RadialDistribution_ZernikeMagnitude_RFP_6_4,-0.05771263399358172
Nuclei_RadialDistribution_ZernikeMagnitude_CY5_8_4,0.04558334507321237
Cytoplasm_RadialDistribution_ZernikePhase_GFP_7_3,0.013048216634941412
Cells_RadialDistribution_ZernikeMagnitude_GFP_8_2,0.2806976167550178
Cells_Correlation_Correlation_DAPI_RFP,-0.27236851566558956
Cells_Intensity_MeanIntensityEdge_GFP,0.06123163899864131
Cells_RadialDistribution_ZernikePhase_CY5_9_1,-0.0024930162162298537
Nuclei_RadialDistribution_ZernikeMagnitude_DAPI_3_1,0.15881490799994324
Nuclei_RadialDistribution_ZernikeMagnitude_DAPI_2_2,-0.2794100441957032
Cytoplasm_RadialDistribution_ZernikePhase_DAPI_9_3,0.07280127861909105
Nuclei_RadialDistribution_ZernikeMagnitude_DAPI_8_6,0.019172115677230133
Cytoplasm_AreaShape_Zernike_2_0,-0.2520880233679408
Nuclei_RadialDistribution_ZernikeMagnitude_RFP_8_2,0.005970798155673601
Cytoplasm_RadialDistribution_ZernikeMagnitude_DAPI_1_1,0.06530170033003879
Cytoplasm_RadialDistribution_RadialCV_DAPI_3of4,0.21731771522620988
Cells_Texture_InfoMeas1_CY5_3_01_256,-0.06522570143875067
Nuclei_RadialDistribution_ZernikePhase_DAPI_9_1,-0.042261577962883
Nuclei_RadialDistribution_ZernikePhase_RFP_2_2,0.06364650496514059
Cells_RadialDistribution_ZernikeMagnitude_DAPI_8_2,-0.08944782863205987
Nuclei_RadialDistribution_ZernikePhase_DAPI_5_5,-0.05001556085136167
Cells_RadialDistribution_ZernikePhase_CY5_8_4,-0.023026226945003
Nuclei_RadialDistribution_ZernikeMagnitude_RFP_8_6,0.07595263903146862
Cytoplasm_RadialDistribution_RadialCV_CY5_4of4,-0.013729148643900861
Cytoplasm_RadialDistribution_ZernikeMagnitude_GFP_1_1,0.07434495395788678
Cells_RadialDistribution_FracAtD_DAPI_3of4,-0.017159861684417296
Cells_Texture_Correlation_DAPI_3_00_256,0.6072121513323029
Nuclei_Texture_Correlation_RFP_3_02_256,-0.07034446074799619
Cells_Texture_Contrast_DAPI_3_00_256,0.4581573669309087
Nuclei_Intensity_MaxIntensity_RFP,-0.034335811761318315
Cells_RadialDistribution_ZernikeMagnitude_GFP_6_2,-0.28445252767510876
Cells_RadialDistribution_ZernikePhase_CY5_8_2,0.05376725847937342
Cells_Texture_InfoMeas1_RFP_3_03_256,0.04793000885880299
Cytoplasm_RadialDistribution_ZernikePhase_CY5_6_2,0.0979667963492913
Cytoplasm_AreaShape_Zernike_5_3,-0.08817042719886721
Nuclei_Correlation_RWC_GFP_RFP,0.15282413071351622
Cells_RadialDistribution_ZernikePhase_CY5_2_2,-0.017871225944734004
Nuclei_RadialDistribution_ZernikePhase_GFP_7_5,-0.037531877832414726
Nuclei_Texture_InfoMeas2_RFP_3_01_256,-0.18296918141430052
Nuclei_RadialDistribution_RadialCV_CY5_4of4,-0.1286136484808332
Nuclei_RadialDistribution_RadialCV_RFP_4of4,0.31935381296408194
Cytoplasm_AreaShape_Zernike_5_1,-0.0020397173704452647
Cells_AreaShape_Zernike_4_2,0.0038284319698315863
Nuclei_RadialDistribution_ZernikePhase_DAPI_1_1,-0.04315282276772886
Nuclei_Correlation_Correlation_GFP_RFP,0.0249690681225473
Nuclei_RadialDistribution_ZernikePhase_DAPI_8_2,-0.028159456619793032
Cytoplasm_RadialDistribution_MeanFrac_RFP_4of4,0.0683387390235637
Nuclei_Correlation_RWC_RFP_GFP,-0.5274231778204678
Nuclei_Intensity_LowerQuartileIntensity_GFP,-0.4197677833098465
Nuclei_RadialDistribution_ZernikePhase_CY5_8_2,0.014473656485317923
Cytoplasm_RadialDistribution_MeanFrac_RFP_3of4,0.10597299405712596
Nuclei_AreaShape_Zernike_5_1,0.05716926574620843
Nuclei_RadialDistribution_ZernikeMagnitude_CY5_2_0,0.578849337400119
Cytoplasm_RadialDistribution_ZernikeMagnitude_DAPI_9_5,-0.21579620424378768
Cytoplasm_Intensity_MADIntensity_DAPI,-0.24983053896576005
Nuclei_RadialDistribution_ZernikePhase_GFP_9_3,0.006566907592808081
Nuclei_RadialDistribution_ZernikePhase_RFP_5_5,-0.008883504982634667
Cytoplasm_Intensity_MeanIntensityEdge_DAPI,0.7537025228136095
Cytoplasm_Correlation_K_DAPI_GFP,-0.21923260251324123
Cytoplasm_RadialDistribution_ZernikePhase_DAPI_6_2,0.0016359912970551223
Cytoplasm_AreaShape_Zernike_8_2,-0.03801430391294092
Cells_RadialDistribution_ZernikePhase_GFP_7_3,-0.0648235120979762
Cells_Correlation_RWC_RFP_DAPI,0.2773470781753621
Cytoplasm_Intensity_MADIntensity_CY5,0.2216424089266899
Cytoplasm_RadialDistribution_RadialCV_GFP_2of4,0.0147076169011367
Cytoplasm_Texture_InfoMeas1_DAPI_3_01_256,0.4325410886122984
Nuclei_RadialDistribution_ZernikeMagnitude_CY5_6_4,0.10619758641620226
Cells_RadialDistribution_RadialCV_CY5_1of4,-0.06615375265990638
Nuclei_RadialDistribution_ZernikePhase_GFP_5_3,-0.011863943341533961
Cells_RadialDistribution_ZernikePhase_CY5_7_1,-0.036449464586793684
Cells_Texture_InfoMeas2_RFP_3_00_256,-0.00479292579936925
Nuclei_Texture_DifferenceEntropy_RFP_3_01_256,-0.00916070115250257
Cytoplasm_Intensity_MassDisplacement_DAPI,-0.11277303311429147
Cells_RadialDistribution_ZernikePhase_DAPI_7_7,-0.011690930537310372
Nuclei_RadialDistribution_ZernikePhase_CY5_6_4,-0.02946782290923897
Nuclei_RadialDistribution_ZernikePhase_RFP_9_7,0.02237783803674157
Nuclei_AreaShape_Extent,0.009196307390211825
Cells_AreaShape_Zernike_7_5,-0.026481409010234297
Nuclei_Correlation_Correlation_DAPI_GFP,-0.3740058334085148
Nuclei_RadialDistribution_ZernikePhase_CY5_3_1,-0.019125884659869107
Nuclei_RadialDistribution_ZernikeMagnitude_DAPI_6_4,0.05240107854916675
Cytoplasm_RadialDistribution_ZernikeMagnitude_RFP_4_0,0.018800605388947858
Nuclei_RadialDistribution_ZernikeMagnitude_CY5_7_7,0.030877168957093616
Cells_RadialDistribution_MeanFrac_CY5_1of4,0.02172659322647206
Cells_RadialDistribution_ZernikeMagnitude_DAPI_8_0,-0.06282897218479583
Nuclei_AreaShape_Solidity,-0.18987678492485704
Cytoplasm_RadialDistribution_ZernikePhase_GFP_8_2,0.04021828253836914
Cells_RadialDistribution_ZernikeMagnitude_GFP_8_4,-0.112244790758556
Nuclei_Correlation_Correlation_CY5_DAPI,-0.33393777408012193
Cells_RadialDistribution_ZernikeMagnitude_CY5_8_4,-0.019438530288408085
Cells_RadialDistribution_ZernikePhase_DAPI_3_1,-0.01591480807017605
Cells_Granularity_1_DAPI,0.7494698663505389
Cytoplasm_RadialDistribution_ZernikePhase_CY5_8_8,-0.0015731190934977738
Cytoplasm_RadialDistribution_ZernikeMagnitude_DAPI_6_0,0.06572369061536011
Nuclei_Intensity_IntegratedIntensity_RFP,0.7875756366410326
Nuclei_RadialDistribution_ZernikePhase_CY5_8_6,-0.05845156548256989
Nuclei_RadialDistribution_ZernikePhase_GFP_5_5,-0.003389718629756401
Nuclei_Texture_Correlation_DAPI_3_02_256,-0.14428723744794555
Cells_AreaShape_Zernike_9_1,-0.04044977453661858
Nuclei_Intensity_MassDisplacement_CY5,-0.04810608512889546
Nuclei_RadialDistribution_ZernikeMagnitude_GFP_2_0,0.4399732116204676
Nuclei_RadialDistribution_ZernikeMagnitude_DAPI_5_1,-0.012382144270216501
Cells_RadialDistribution_ZernikePhase_GFP_1_1,0.04925416038930695
Nuclei_AreaShape_Zernike_4_0,0.06621776691343248
Cytoplasm_RadialDistribution_RadialCV_DAPI_2of4,0.005035126753740579
Cytoplasm_RadialDistribution_ZernikePhase_GFP_5_3,-0.040767633354706255
Nuclei_Correlation_RWC_DAPI_RFP,0.2529531826731957
Nuclei_Texture_InfoMeas2_RFP_3_03_256,0.09907416910310632
Nuclei_Intensity_StdIntensityEdge_RFP,-0.01779960549769652
Cytoplasm_RadialDistribution_MeanFrac_DAPI_4of4,-0.5482302247040856
Cytoplasm_RadialDistribution_ZernikePhase_GFP_7_5,-0.03698560942101102
Cells_Texture_Contrast_DAPI_3_03_256,-0.6911124831966651
Cells_RadialDistribution_ZernikePhase_GFP_9_3,-0.05052750333911512
Cytoplasm_RadialDistribution_ZernikeMagnitude_GFP_5_1,0.05523882153274793
Nuclei_RadialDistribution_ZernikeMagnitude_RFP_7_5,-0.031157250775747602
Nuclei_Texture_Contrast_RFP_3_00_256,0.12836398947601826
Cells_RadialDistribution_ZernikeMagnitude_DAPI_9_1,-0.15008779816715437
Cytoplasm_RadialDistribution_ZernikePhase_CY5_5_3,-0.040421689456736194
Nuclei_RadialDistribution_ZernikePhase_DAPI_7_7,0.0033541382290265477
Nuclei_RadialDistribution_ZernikeMagnitude_CY5_1_1,0.2035930513024423
Nuclei_Intensity_IntegratedIntensity_GFP,-0.43292251122741227
Nuclei_RadialDistribution_ZernikePhase_CY5_7_7,-0.024762178955748625
Nuclei_Texture_Correlation_RFP_3_01_256,-0.010877923531006459
Nuclei_AreaShape_Zernike_3_3,-0.041575130741303284
Cytoplasm_Intensity_IntegratedIntensityEdge_CY5,-0.4519273199535564
Cells_RadialDistribution_RadialCV_DAPI_2of4,-0.03197673736133637
Cells_RadialDistribution_MeanFrac_CY5_3of4,-0.15677817419743348
Cytoplasm_Texture_InfoMeas1_DAPI_3_00_256,-0.472580626981848
Cytoplasm_RadialDistribution_ZernikeMagnitude_GFP_7_1,0.015361876068674458
Cytoplasm_AreaShape_Zernike_6_0,-0.016114377937378774
Cells_Intensity_UpperQuartileIntensity_DAPI,-0.19622604578593558
Cells_RadialDistribution_ZernikeMagnitude_CY5_5_1,0.16305576481251105
Cells_RadialDistribution_ZernikePhase_CY5_4_2,-0.1027425054974695
Cells_Texture_InfoMeas1_RFP_3_02_256,-0.27764782607419713
Cells_Neighbors_FirstClosestDistance_Adjacent,-0.06748826055876245
Nuclei_RadialDistribution_RadialCV_DAPI_1of4,-0.08900577160158035
Nuclei_RadialDistribution_ZernikePhase_CY5_8_8,-0.011328382024265414
Cells_RadialDistribution_FracAtD_RFP_4of4,-0.10687858520767651
Nuclei_RadialDistribution_ZernikeMagnitude_CY5_3_3,-0.02746850488949211
Cells_RadialDistribution_RadialCV_GFP_4of4,0.03295301114828994
Cytoplasm_Granularity_1_RFP,-0.0647143472787258
Nuclei_RadialDistribution_MeanFrac_CY5_4of4,0.2926107781107634
Cells_RadialDistribution_ZernikeMagnitude_CY5_9_1,-0.01438179540995369
Cells_Intensity_MeanIntensityEdge_DAPI,-0.9705895890152317
Nuclei_Intensity_MADIntensity_CY5,0.012040209614315912
Nuclei_RadialDistribution_ZernikeMagnitude_CY5_8_8,-0.20269728349010485
Nuclei_Texture_Contrast_RFP_3_02_256,0.24614914129780885
Nuclei_RadialDistribution_ZernikePhase_GFP_6_6,0.03682467420770057
Cytoplasm_RadialDistribution_ZernikePhase_RFP_7_1,0.01587084030310805
Nuclei_RadialDistribution_ZernikeMagnitude_DAPI_8_2,-0.03701326331025321
Cells_Texture_SumAverage_DAPI_3_00_256,0.15896180873434537
Nuclei_RadialDistribution_RadialCV_GFP_1of4,-0.02681824183332192
Nuclei_Correlation_Correlation_CY5_RFP,0.06551081203500737
Cytoplasm_Intensity_LowerQuartileIntensity_GFP,0.3144212261396999
Nuclei_AreaShape_Zernike_0_0,1.0344759266028012
Nuclei_RadialDistribution_ZernikeMagnitude_RFP_9_3,0.0008827969523711421
Nuclei_RadialDistribution_ZernikePhase_DAPI_7_5,-0.007929211234999841
Cells_RadialDistribution_ZernikeMagnitude_GFP_7_1,0.04811536925093045
Nuclei_RadialDistribution_MeanFrac_DAPI_1of4,0.10814836306028683
Nuclei_RadialDistribution_ZernikePhase_RFP_1_1,-0.018864004750125004
Nuclei_RadialDistribution_ZernikeMagnitude_RFP_5_5,0.05024190349205451
Nuclei_RadialDistribution_ZernikePhase_RFP_3_1,0.01585299116698702
Cytoplasm_RadialDistribution_MeanFrac_RFP_1of4,0.10093029472426154
Nuclei_RadialDistribution_ZernikeMagnitude_GFP_7_5,0.03323575785800654
Cells_Texture_InfoMeas1_GFP_3_03_256,-0.45001273858551344
Nuclei_RadialDistribution_ZernikePhase_RFP_9_5,0.005095925264660707
Nuclei_Texture_InfoMeas2_RFP_3_02_256,-0.1973043632834288
Nuclei_AreaShape_Zernike_9_9,0.10793573824657947
Nuclei_Correlation_Overlap_CY5_DAPI,0.2316507143961274
Nuclei_RadialDistribution_ZernikePhase_DAPI_9_3,0.016554539057598454
Nuclei_RadialDistribution_ZernikeMagnitude_RFP_3_3,0.021420394826783706
Cells_RadialDistribution_ZernikeMagnitude_CY5_9_5,0.0003233963307078752
Cytoplasm_RadialDistribution_ZernikeMagnitude_RFP_9_3,-0.0049797777872763625
Cells_RadialDistribution_ZernikeMagnitude_DAPI_2_0,-0.03476903218778857
Cytoplasm_RadialDistribution_ZernikePhase_DAPI_5_1,-0.00289305250893069
Cells_RadialDistribution_ZernikePhase_RFP_9_5,-0.024537661092293734
Cytoplasm_Texture_Contrast_DAPI_3_03_256,-0.16176418028380654
Nuclei_Texture_Correlation_RFP_3_00_256,-0.09444298676418693
Cytoplasm_RadialDistribution_ZernikeMagnitude_CY5_5_1,-0.16342201969196712
Nuclei_RadialDistribution_MeanFrac_RFP_2of4,-0.09137737527464411
Nuclei_RadialDistribution_ZernikePhase_DAPI_2_2,-0.014851603117329904
Nuclei_RadialDistribution_ZernikePhase_RFP_8_2,0.056202499619469375
Cytoplasm_Correlation_K_DAPI_RFP,-0.17381684444666776
Cells_RadialDistribution_ZernikePhase_GFP_9_5,0.0751308312663819
Nuclei_RadialDistribution_MeanFrac_RFP_4of4,0.7368827419101537
Cytoplasm_RadialDistribution_ZernikePhase_RFP_4_2,0.02501178931000668
Cells_RadialDistribution_ZernikePhase_DAPI_5_3,-0.10484944887900824
Cytoplasm_RadialDistribution_ZernikePhase_DAPI_7_1,0.010038007003974152
Nuclei_Correlation_K_GFP_DAPI,0.38842883156827235
Nuclei_RadialDistribution_FracAtD_GFP_2of4,-0.8382757200966946
Nuclei_Correlation_RWC_GFP_CY5,-0.4241760072284626
Nuclei_RadialDistribution_RadialCV_CY5_2of4,-0.05525825226205767
Nuclei_RadialDistribution_MeanFrac_CY5_1of4,-0.08531500023284029
Cytoplasm_Texture_Correlation_DAPI_3_03_256,-0.3152829637626879
Nuclei_RadialDistribution_ZernikeMagnitude_GFP_9_3,-0.049373954892514164
Cytoplasm_RadialDistribution_ZernikePhase_DAPI_2_2,0.03789545283942241
Cytoplasm_RadialDistribution_ZernikePhase_DAPI_9_7,-0.06190634798671661
Cells_Intensity_StdIntensityEdge_CY5,-0.41199592921100964
Cytoplasm_RadialDistribution_ZernikeMagnitude_CY5_9_3,0.06960570243901681
Nuclei_RadialDistribution_ZernikePhase_DAPI_7_3,0.005918690092081078
Nuclei_RadialDistribution_ZernikePhase_DAPI_9_7,-0.021325119019930772
Cytoplasm_RadialDistribution_ZernikePhase_GFP_3_1,0.05765838010349199
Cells_RadialDistribution_ZernikePhase_RFP_5_1,-0.011984362549673491
Nuclei_AreaShape_Zernike_8_4,0.12436832418329162
Cytoplasm_RadialDistribution_MeanFrac_RFP_2of4,-0.27925824925097076
Cells_RadialDistribution_RadialCV_GFP_3of4,0.10136317372989055
Nuclei_RadialDistribution_MeanFrac_RFP_3of4,-0.5306253744893877
Cytoplasm_RadialDistribution_ZernikePhase_GFP_9_5,-0.07175056394655605
Cytoplasm_RadialDistribution_RadialCV_RFP_4of4,-0.0008174947167263116
Nuclei_Intensity_MassDisplacement_RFP,-0.15736291465091884
Nuclei_RadialDistribution_ZernikePhase_RFP_3_3,-0.011388158254541843
Nuclei_RadialDistribution_RadialCV_GFP_3of4,-0.22500405137462584
Cells_Intensity_StdIntensityEdge_RFP,0.34250835474578345
Cytoplasm_RadialDistribution_ZernikePhase_RFP_6_4,0.018094977158973267
Nuclei_RadialDistribution_ZernikeMagnitude_GFP_5_5,-0.06429249804050866
Cytoplasm_Correlation_Correlation_DAPI_GFP,-0.03466089944773587
Cytoplasm_RadialDistribution_ZernikeMagnitude_RFP_7_1,-0.045483955466601424
Nuclei_AreaShape_Zernike_8_8,0.12191356808188235
Nuclei_RadialDistribution_ZernikePhase_GFP_1_1,0.017787813214997235
Nuclei_RadialDistribution_ZernikeMagnitude_CY5_9_1,-0.053530614773633474
Nuclei_RadialDistribution_ZernikeMagnitude_GFP_3_1,0.01979294850573924
Cells_RadialDistribution_RadialCV_CY5_4of4,0.07045136718985076
Cells_RadialDistribution_RadialCV_GFP_1of4,0.01338243271880437
Cells_RadialDistribution_ZernikeMagnitude_DAPI_5_1,0.08411819555156923
Cells_RadialDistribution_ZernikePhase_CY5_6_4,-0.06899947146260774
Cytoplasm_RadialDistribution_ZernikeMagnitude_CY5_4_0,-0.23489573185694984
Nuclei_RadialDistribution_ZernikeMagnitude_GFP_8_2,0.07034447779900026
Cells_RadialDistribution_ZernikePhase_GFP_9_1,-0.007032977921741556
Nuclei_RadialDistribution_ZernikePhase_RFP_9_1,-0.006159682649117401
Cells_RadialDistribution_ZernikeMagnitude_RFP_6_2,0.15943357312595194
Cytoplasm_RadialDistribution_ZernikeMagnitude_GFP_8_0,-0.17576528596435204
Cytoplasm_AreaShape_Zernike_4_2,0.04379815676873317
Nuclei_Texture_InverseDifferenceMoment_RFP_3_03_256,0.09183990286952251
Cytoplasm_Texture_InfoMeas2_DAPI_3_03_256,-0.841458844516796
Cytoplasm_RadialDistribution_ZernikePhase_DAPI_6_6,-0.000886798924516055
Cytoplasm_RadialDistribution_ZernikeMagnitude_GFP_3_1,0.18813989298049247
Cells_RadialDistribution_ZernikePhase_RFP_3_1,-0.002068473282017895
Nuclei_RadialDistribution_ZernikeMagnitude_DAPI_8_0,-0.03666906116225803
Cells_RadialDistribution_ZernikePhase_RFP_7_5,0.0017613766175974008
Nuclei_RadialDistribution_ZernikePhase_CY5_9_9,-0.00197407944504651
Cytoplasm_Intensity_UpperQuartileIntensity_GFP,-0.5231920527864972
Cells_AreaShape_Zernike_5_3,0.015215246018934918
Cells_RadialDistribution_RadialCV_RFP_1of4,0.05820662438573361
Cells_RadialDistribution_ZernikeMagnitude_RFP_6_0,0.14062211275026143
Cytoplasm_Correlation_Overlap_GFP_RFP,-0.2716558368509568
Cytoplasm_RadialDistribution_ZernikeMagnitude_DAPI_8_4,0.21348986819282836
Cytoplasm_RadialDistribution_ZernikePhase_RFP_5_1,0.006390296968498676
Nuclei_RadialDistribution_ZernikeMagnitude_CY5_8_2,-0.005466829818146364
Nuclei_RadialDistribution_ZernikeMagnitude_DAPI_6_2,-0.11357315929098778
Nuclei_RadialDistribution_FracAtD_GFP_1of4,-0.678782878136646
Cells_RadialDistribution_FracAtD_GFP_1of4,0.4174856055544403
Nuclei_Texture_Contrast_GFP_3_03_256,0.2483543968324726
Nuclei_RadialDistribution_ZernikePhase_RFP_6_2,-0.0248363852973511
Cytoplasm_Texture_InfoMeas1_GFP_3_03_256,0.1888863679887285
Nuclei_AreaShape_Zernike_9_1,-0.015924721986753505
Cytoplasm_RadialDistribution_ZernikeMagnitude_RFP_5_1,0.11324772816218556
Nuclei_Correlation_RWC_RFP_CY5,0.5697739566218325
Cells_Correlation_Overlap_DAPI_GFP,0.25971948761991814
Nuclei_Texture_Correlation_GFP_3_03_256,0.034923385815906316
Cytoplasm_RadialDistribution_FracAtD_RFP_1of4,-0.22654249934092652
Nuclei_RadialDistribution_ZernikeMagnitude_CY5_4_0,0.02618469288965553
Cytoplasm_RadialDistribution_ZernikeMagnitude_CY5_8_0,0.08036805044077709
Cytoplasm_Texture_Contrast_GFP_3_01_256,0.03343616147259636
Cells_RadialDistribution_MeanFrac_GFP_1of4,-0.3984001725785403
Nuclei_Texture_DifferenceEntropy_RFP_3_02_256,-0.08695996949695893
Cytoplasm_AreaShape_FormFactor,-0.7215504773250238
Nuclei_AreaShape_Eccentricity,-0.3669015629464547
Nuclei_RadialDistribution_ZernikeMagnitude_RFP_9_1,-0.035126427875352466
Cells_Intensity_MeanIntensityEdge_RFP,-0.15217593770372373
Cells_RadialDistribution_ZernikeMagnitude_DAPI_6_0,0.13585528563871
Nuclei_AreaShape_Zernike_6_6,0.06385317650081096
Cytoplasm_AreaShape_Zernike_2_2,0.002425190216201839
Cytoplasm_RadialDistribution_ZernikeMagnitude_CY5_6_0,-0.00520469234036916
Cells_RadialDistribution_ZernikeMagnitude_RFP_7_3,0.10921992910076457
Cells_RadialDistribution_ZernikePhase_GFP_6_2,-0.006580715416030939
Cells_RadialDistribution_ZernikeMagnitude_RFP_7_1,-0.061135632785287726
Cells_RadialDistribution_FracAtD_RFP_1of4,-0.39552553792394674
Cells_RadialDistribution_ZernikePhase_DAPI_9_1,-0.006681472895474516
Cytoplasm_RadialDistribution_ZernikePhase_DAPI_7_7,0.03624962211402886
Cells_RadialDistribution_ZernikePhase_CY5_3_3,-0.03667776387710539
Cells_RadialDistribution_ZernikeMagnitude_DAPI_9_9,-0.027257318207961945
Cells_RadialDistribution_ZernikePhase_DAPI_5_5,-0.028328542037440972
Cells_RadialDistribution_ZernikePhase_DAPI_9_5,0.044799345534272186
Nuclei_RadialDistribution_ZernikePhase_CY5_7_5,0.05010986616447363
Cells_Intensity_MassDisplacement_RFP,0.03128817733180042
Cells_RadialDistribution_ZernikePhase_GFP_4_2,0.021508220859605565
Cells_RadialDistribution_RadialCV_RFP_3of4,0.03130964336370244
Cytoplasm_RadialDistribution_ZernikePhase_GFP_6_4,0.00850809975958019
Nuclei_Correlation_Correlation_DAPI_RFP,-0.08907462224454313
Cytoplasm_RadialDistribution_ZernikeMagnitude_CY5_8_4,-0.011065301320115482
Cells_AreaShape_Zernike_6_0,-0.06592530460240945
Nuclei_RadialDistribution_MeanFrac_GFP_4of4,0.14517837506225356
Cytoplasm_RadialDistribution_ZernikeMagnitude_GFP_8_2,-0.40150904519504743
Cytoplasm_RadialDistribution_MeanFrac_DAPI_3of4,-0.564318256672683
Cytoplasm_AreaShape_MajorAxisLength,-0.10469764960152693
Cytoplasm_RadialDistribution_RadialCV_CY5_1of4,-0.09982223160687642
Cells_RadialDistribution_MeanFrac_RFP_3of4,0.0725955399555374
Nuclei_RadialDistribution_ZernikePhase_CY5_4_2,-0.03416988463599954
