feature,coefficient_orig_model,coefficient_new_model
Cytoplasm_RadialDistribution_ZernikePhase_GFP_7_3,0.04142595797889054,0.013048216634941412
Nuclei_RadialDistribution_ZernikePhase_CY5_7_5,0.024974802868890703,0.05010986616447363
Nuclei_RadialDistribution_ZernikePhase_RFP_7_7,-0.011418658793047142,0.009036407711210493
Nuclei_RadialDistribution_ZernikeMagnitude_RFP_5_3,-0.05373912647817097,-0.027614007295682422
Cells_RadialDistribution_RadialCV_GFP_1of4,0.019977898553327683,0.01338243271880437
Nuclei_Intensity_LowerQuartileIntensity_GFP,-0.6010107102379566,-0.4197677833098465
Nuclei_Intensity_MassDisplacement_RFP,-0.16597851938495892,-0.15736291465091884
Nuclei_RadialDistribution_ZernikePhase_GFP_4_4,0.01081647083615117,0.0032524248714912484
Nuclei_AreaShape_Zernike_7_5,0.022977142157352946,0.024000394009481778
Cytoplasm_RadialDistribution_ZernikePhase_RFP_1_1,0.04111048149640226,0.009653684553224448
Cytoplasm_RadialDistribution_FracAtD_GFP_1of4,0.37487560899316624,0.10206000392039258
Cells_Texture_Contrast_DAPI_3_03_256,-0.3268554301811481,-0.6911124831966651
Nuclei_RadialDistribution_ZernikePhase_RFP_4_2,-0.02809463586488488,-0.01573697880116416
Cytoplasm_Texture_InfoMeas1_DAPI_3_00_256,-0.5777278868426646,-0.472580626981848
Nuclei_RadialDistribution_ZernikeMagnitude_CY5_6_4,0.07269321119537937,0.10619758641620226
Nuclei_RadialDistribution_ZernikeMagnitude_GFP_8_4,-0.07371919107857847,-0.10234434374537116
Nuclei_AreaShape_Zernike_7_1,-0.025529446246005328,-0.07478038300426654
Cells_RadialDistribution_RadialCV_DAPI_2of4,-0.06942846523123354,-0.03197673736133637
Nuclei_RadialDistribution_ZernikeMagnitude_CY5_8_2,0.01667071944097841,-0.005466829818146364
Cells_Intensity_MeanIntensityEdge_RFP,-0.3178201069056822,-0.15217593770372373
Cytoplasm_RadialDistribution_ZernikePhase_CY5_4_2,0.08290075831404609,0.07334456072701656
Nuclei_RadialDistribution_ZernikeMagnitude_CY5_2_0,-0.007041192481134584,0.578849337400119
Cytoplasm_RadialDistribution_ZernikePhase_CY5_8_8,-0.007205540330961419,-0.0015731190934977738
Nuclei_Correlation_K_GFP_RFP,0.06312381973021583,-0.13820969638130476
Nuclei_RadialDistribution_ZernikeMagnitude_DAPI_7_1,-0.0632440096711645,-0.08865223585755444
Nuclei_RadialDistribution_FracAtD_CY5_4of4,0.006541239255207207,-0.8222228441532177
Cells_Correlation_Manders_CY5_DAPI,0.4523279272391441,0.12172845282291045
Cytoplasm_RadialDistribution_ZernikePhase_DAPI_7_3,-0.02014476175071041,-0.001262617172911805
Cells_Intensity_MaxIntensityEdge_DAPI,-0.04009535607257161,-0.13437208806033785
Nuclei_RadialDistribution_ZernikePhase_GFP_9_7,-0.007021342662936574,-0.017182372413438306
Cytoplasm_RadialDistribution_RadialCV_DAPI_4of4,0.15764934926121352,0.13736275925375308
Nuclei_Granularity_1_CY5,-0.10462812044506467,-0.1000462097886983
Cytoplasm_RadialDistribution_ZernikePhase_GFP_6_2,-0.041587314421013835,-0.042121627507677985
Nuclei_RadialDistribution_ZernikeMagnitude_RFP_1_1,-0.010750366479643246,-0.07127512802331844
Cytoplasm_RadialDistribution_ZernikeMagnitude_RFP_4_2,-0.07414057043880284,-0.16881593096010997
Nuclei_RadialDistribution_ZernikeMagnitude_CY5_7_5,-0.08108376824588728,-0.0691166503798481
Cells_AreaShape_Zernike_8_6,-0.05963330316276487,-0.04487835917234496
Nuclei_RadialDistribution_ZernikeMagnitude_GFP_2_2,0.005379741113197341,0.21961487145669117
Cells_Texture_Correlation_GFP_3_00_256,-0.12783704201191662,0.0
Nuclei_RadialDistribution_ZernikePhase_GFP_7_3,0.056849882235428195,0.03070467224707769
Cells_Correlation_RWC_RFP_DAPI,-0.10889245268068956,0.2773470781753621
Nuclei_Texture_DifferenceEntropy_RFP_3_01_256,-0.35319799207020736,-0.00916070115250257
Cells_RadialDistribution_ZernikeMagnitude_GFP_3_1,-0.2806441053265633,0.0
Nuclei_Texture_InfoMeas2_RFP_3_02_256,-0.5720431559409159,-0.1973043632834288
Cells_Granularity_2_CY5,-0.1915583621567949,0.0
Cells_RadialDistribution_ZernikeMagnitude_DAPI_2_0,0.03608176142993426,-0.03476903218778857
Cytoplasm_RadialDistribution_ZernikePhase_RFP_8_4,0.045461207892225984,0.054383776463978274
Nuclei_RadialDistribution_FracAtD_GFP_1of4,-0.11305613992553618,-0.678782878136646
Cells_AreaShape_Zernike_9_5,-0.08056634864542334,-0.05333272315988291
Cytoplasm_RadialDistribution_ZernikeMagnitude_RFP_2_2,-0.03611955997042389,0.0
Nuclei_RadialDistribution_ZernikeMagnitude_GFP_9_5,-0.07000457560950374,-0.08105537853484775
Nuclei_RadialDistribution_ZernikeMagnitude_RFP_8_6,0.12120724530458672,0.07595263903146862
Cytoplasm_RadialDistribution_MeanFrac_RFP_4of4,0.26440004871760164,0.0683387390235637
Cells_Correlation_Correlation_DAPI_GFP,1.8915486516923052,1.534277667700247
Cytoplasm_Intensity_IntegratedIntensity_CY5,-0.05726867367072206,-0.1967571702883753
Cytoplasm_RadialDistribution_ZernikeMagnitude_DAPI_9_1,0.08198840272228415,0.058788739842620646
Nuclei_AreaShape_Zernike_2_0,-0.3616278213595118,-0.17071060487826617
Nuclei_Correlation_RWC_GFP_RFP,0.19727369266193354,0.15282413071351622
Cells_RadialDistribution_ZernikePhase_CY5_7_1,-0.020631589219338636,-0.036449464586793684
Nuclei_Granularity_1_DAPI,-0.5739978103086365,-0.24884911437226
Cells_Intensity_IntegratedIntensityEdge_DAPI,0.9245057762327231,1.0210666259348142
Cytoplasm_Correlation_Correlation_DAPI_RFP,-0.2832987199485044,-0.06772109180947646
Nuclei_RadialDistribution_ZernikeMagnitude_GFP_1_1,0.1499323681864118,0.15206455400733604
Nuclei_RadialDistribution_ZernikeMagnitude_GFP_8_0,-0.08704330720682871,-0.08491064028192413
Nuclei_RadialDistribution_ZernikePhase_GFP_6_6,0.008774076565697854,0.03682467420770057
Cytoplasm_RadialDistribution_ZernikeMagnitude_RFP_8_4,-0.06231181840760446,-0.03199123640615648
Nuclei_RadialDistribution_ZernikeMagnitude_DAPI_8_4,-0.08113510024086122,-0.1112351295232861
Nuclei_Correlation_RWC_RFP_CY5,0.8017117460326545,0.5697739566218325
Nuclei_RadialDistribution_ZernikeMagnitude_GFP_6_0,-0.042996374044783,-0.04436855328243397
Nuclei_Texture_InfoMeas2_RFP_3_03_256,0.3333811100380306,0.09907416910310632
Cells_Intensity_MassDisplacement_RFP,0.01758215952340628,0.03128817733180042
Nuclei_RadialDistribution_RadialCV_GFP_3of4,-0.14033298064178248,-0.22500405137462584
Cells_RadialDistribution_ZernikeMagnitude_RFP_6_2,0.16406944556953773,0.15943357312595194
Nuclei_RadialDistribution_ZernikeMagnitude_RFP_7_5,0.016311226108880618,-0.031157250775747602
Cells_AreaShape_Zernike_5_1,0.006130478597030484,-0.023335948932265226
Cytoplasm_RadialDistribution_ZernikeMagnitude_CY5_8_0,0.07426930178582303,0.08036805044077709
Cytoplasm_RadialDistribution_ZernikeMagnitude_CY5_8_2,0.2091137614114842,0.18838217450134973
Cytoplasm_RadialDistribution_ZernikePhase_CY5_5_5,-0.02211513541677508,-0.052473766724537144
Nuclei_AreaShape_Zernike_7_3,0.054056669601608175,0.07044383930241178
Cells_RadialDistribution_ZernikeMagnitude_CY5_9_3,-0.17711077129981195,-0.19715887302701918
Cytoplasm_Intensity_MassDisplacement_DAPI,-0.16410684364861688,-0.11277303311429147
Cells_RadialDistribution_ZernikePhase_DAPI_7_5,-0.0010035222682016432,0.03161447224498916
Nuclei_RadialDistribution_MeanFrac_CY5_3of4,1.4037670590400069,0.7096971176159588
Nuclei_RadialDistribution_ZernikeMagnitude_CY5_6_2,0.06085216397364682,0.09101438594585304
Cytoplasm_RadialDistribution_ZernikePhase_DAPI_4_2,0.03260098845840874,0.008170115017247319
Cells_AreaShape_Extent,-0.014119418326892298,0.0
Cytoplasm_RadialDistribution_ZernikeMagnitude_RFP_7_3,-0.21410096607384657,-0.10536021360692857
Cytoplasm_RadialDistribution_MeanFrac_GFP_3of4,0.4212232877460353,0.3779517586274027
Nuclei_RadialDistribution_FracAtD_CY5_3of4,-1.5196392098852098,-1.1608047466670164
Nuclei_RadialDistribution_ZernikePhase_RFP_5_1,-0.02898227721225031,-0.012366218789304563
Cytoplasm_RadialDistribution_ZernikeMagnitude_DAPI_7_1,0.061499501175420586,-0.0642291269342228
Cytoplasm_RadialDistribution_MeanFrac_RFP_3of4,-0.03178703640518958,0.10597299405712596
Cytoplasm_RadialDistribution_ZernikeMagnitude_DAPI_3_1,0.1485015985508976,0.21332399698557905
Nuclei_RadialDistribution_ZernikeMagnitude_RFP_3_3,0.0663200521932827,0.021420394826783706
Cells_RadialDistribution_ZernikePhase_CY5_2_2,-0.008563028377882769,-0.017871225944734004
Cytoplasm_RadialDistribution_MeanFrac_GFP_4of4,0.3315630602224445,0.321869699963532
Cytoplasm_RadialDistribution_ZernikeMagnitude_RFP_8_0,0.005427624703783864,-0.02715030044204422
Nuclei_RadialDistribution_ZernikePhase_DAPI_9_5,-0.013658830583462414,0.0002804441778171809
Cytoplasm_Texture_Correlation_DAPI_3_02_256,-0.06289712427033492,-0.0518016788613982
Cytoplasm_RadialDistribution_RadialCV_GFP_3of4,-0.15304320153688006,-0.14627988784463442
Nuclei_RadialDistribution_RadialCV_CY5_1of4,-0.017906742192996372,-0.035016155742776
Nuclei_Correlation_Overlap_CY5_DAPI,0.15633705892081354,0.2316507143961274
Nuclei_RadialDistribution_RadialCV_CY5_4of4,-0.13386601786981772,-0.1286136484808332
Nuclei_Texture_Correlation_CY5_3_03_256,0.11139332066614467,0.1622483388245994
Nuclei_RadialDistribution_ZernikePhase_GFP_3_1,0.028047688033407982,0.007701743926422332
Cytoplasm_AreaShape_Zernike_6_0,-0.0705039718596857,-0.016114377937378774
Nuclei_Intensity_MADIntensity_RFP,0.22628127203211684,0.23092029028443412
Nuclei_Texture_Correlation_DAPI_3_00_256,-0.15719902923718776,0.00926168912600695
Nuclei_RadialDistribution_MeanFrac_DAPI_3of4,-0.30048808972805513,-0.03173782575339067
Nuclei_RadialDistribution_FracAtD_CY5_2of4,2.283346065365666,1.1612124551787928
Nuclei_RadialDistribution_ZernikeMagnitude_GFP_7_5,0.04785651530630867,0.03323575785800654
Nuclei_RadialDistribution_ZernikePhase_CY5_9_9,-0.001341308435962453,-0.00197407944504651
Nuclei_RadialDistribution_ZernikePhase_RFP_5_3,-0.044009740717975206,-0.03891111024778503
Nuclei_Texture_Correlation_RFP_3_02_256,0.05789742985778811,-0.07034446074799619
Nuclei_RadialDistribution_ZernikeMagnitude_DAPI_9_9,-0.05843079568481977,-0.105419641544095
Cells_RadialDistribution_ZernikePhase_RFP_9_3,0.001058639918433185,-0.00888810300082855
Cytoplasm_AreaShape_FormFactor,-1.238244279451067,-0.7215504773250238
Cytoplasm_RadialDistribution_ZernikeMagnitude_RFP_5_3,0.1578374143681374,0.08255337270087378
Nuclei_RadialDistribution_ZernikeMagnitude_DAPI_9_7,0.11795325876031387,0.1043467483498625
Nuclei_RadialDistribution_ZernikeMagnitude_GFP_4_2,-0.18551351402851105,-0.08431183122057463
Cytoplasm_AreaShape_Zernike_7_1,0.025177249336959667,0.04199730943806253
Nuclei_Texture_InverseDifferenceMoment_RFP_3_01_256,-0.28358910757433703,-0.08287187608609173
Cytoplasm_RadialDistribution_ZernikeMagnitude_CY5_6_0,0.05297806631682014,-0.00520469234036916
Cytoplasm_RadialDistribution_ZernikeMagnitude_GFP_7_3,-0.10601771322867948,-0.031149585621211645
Nuclei_Texture_InverseDifferenceMoment_RFP_3_00_256,-0.4489064620874499,-0.13545183748575584
Cytoplasm_RadialDistribution_ZernikePhase_DAPI_8_8,0.04771451123168319,0.03444354757778159
Cytoplasm_RadialDistribution_ZernikePhase_CY5_7_1,-0.009976817540741657,0.026872535334543677
Cells_RadialDistribution_MeanFrac_GFP_1of4,-0.23931341736024128,-0.3984001725785403
Nuclei_RadialDistribution_ZernikeMagnitude_DAPI_7_5,-0.0180704280756079,-0.024750219483722347
Nuclei_Texture_InfoMeas1_RFP_3_03_256,0.6387506641041313,0.3285366294454899
Nuclei_RadialDistribution_ZernikePhase_CY5_9_3,0.016040113437569458,0.04028126649332032
Nuclei_RadialDistribution_ZernikePhase_DAPI_2_2,-0.030772335253053076,-0.014851603117329904
Cytoplasm_RadialDistribution_MeanFrac_DAPI_4of4,-0.8260360070330346,-0.5482302247040856
Cytoplasm_AreaShape_Zernike_6_2,-0.01950913912663749,0.058241314690631894
Nuclei_RadialDistribution_ZernikePhase_RFP_6_2,-0.022405975589461474,-0.0248363852973511
Cells_AreaShape_Zernike_8_4,-0.010527164668978127,-0.051992906020253
Cells_RadialDistribution_ZernikeMagnitude_CY5_8_4,-0.09519798967165014,-0.019438530288408085
Nuclei_RadialDistribution_ZernikeMagnitude_CY5_8_6,-0.11453634033382716,-0.04265157956052195
Cells_Correlation_K_GFP_DAPI,-0.15508478427158937,-0.1416422212946909
Nuclei_RadialDistribution_ZernikeMagnitude_DAPI_8_0,-0.021344685319938328,-0.03666906116225803
Nuclei_RadialDistribution_ZernikePhase_DAPI_8_2,-0.03984146065228071,-0.028159456619793032
Cells_AreaShape_Zernike_6_2,-0.07564445616051439,-0.08628378078621436
Nuclei_Texture_Correlation_DAPI_3_01_256,0.5167955910791161,0.34920977789183827
Cytoplasm_Intensity_IntegratedIntensityEdge_CY5,0.9861134169306722,-0.4519273199535564
Cells_AreaShape_Zernike_3_1,0.07457748897900787,0.038489939533299225
Cytoplasm_RadialDistribution_ZernikeMagnitude_GFP_5_3,0.013997535446801445,-0.018005736728251037
Cytoplasm_RadialDistribution_ZernikeMagnitude_DAPI_8_4,0.11741247481239632,0.21348986819282836
Cytoplasm_Texture_Contrast_GFP_3_02_256,0.36939302644510436,0.06574465053255908
Cells_RadialDistribution_ZernikeMagnitude_GFP_6_2,-0.3341904403622999,-0.28445252767510876
Cells_RadialDistribution_ZernikeMagnitude_RFP_8_0,-0.06976318503684027,-0.060652816798051595
Cytoplasm_AreaShape_Zernike_3_1,0.014923259144780484,0.014333701373003573
Nuclei_AreaShape_Zernike_8_2,-0.0435762180270072,0.005783744194011575
Cytoplasm_RadialDistribution_ZernikeMagnitude_DAPI_6_0,0.04762140500076284,0.06572369061536011
Cytoplasm_RadialDistribution_ZernikePhase_CY5_9_5,0.026927446753511657,0.007513114795859177
Nuclei_RadialDistribution_ZernikeMagnitude_CY5_9_1,-0.023401005878397652,-0.053530614773633474
Nuclei_RadialDistribution_ZernikePhase_GFP_7_5,-0.035663667567484944,-0.037531877832414726
Cytoplasm_Intensity_MADIntensity_CY5,0.04817948317814029,0.2216424089266899
Nuclei_AreaShape_MajorAxisLength,0.4243680967724298,0.8739159910668562
Nuclei_RadialDistribution_ZernikeMagnitude_GFP_4_0,-0.15599535466052872,-0.12612883240494474
Nuclei_RadialDistribution_ZernikePhase_RFP_9_1,-0.005489373104600104,-0.006159682649117401
Cytoplasm_RadialDistribution_ZernikePhase_GFP_3_1,0.04009949796465849,0.05765838010349199
Cytoplasm_AreaShape_Zernike_7_3,0.0907669373672521,0.07263371600030805
Cytoplasm_Texture_InfoMeas2_DAPI_3_03_256,-0.6115270978287608,-0.841458844516796
Nuclei_Intensity_IntegratedIntensity_GFP,0.24964217083222284,-0.43292251122741227
Nuclei_RadialDistribution_ZernikeMagnitude_RFP_5_5,-0.023202358288992322,0.05024190349205451
Nuclei_Intensity_StdIntensityEdge_RFP,-0.15809353837153772,-0.01779960549769652
Cells_Intensity_MADIntensity_DAPI,-0.06661176179785462,-0.12806410605706509
Cells_RadialDistribution_MeanFrac_CY5_3of4,-0.09392739740228276,-0.15677817419743348
Nuclei_RadialDistribution_ZernikePhase_RFP_6_6,0.022786402805727714,0.015887824690970002
Nuclei_RadialDistribution_ZernikePhase_DAPI_4_2,0.00018295084391248774,-0.010759471733056657
Cytoplasm_RadialDistribution_RadialCV_GFP_2of4,-0.01364318540404193,0.0147076169011367
Cells_RadialDistribution_RadialCV_GFP_2of4,-0.01775933359167414,-0.04903432552230762
Nuclei_RadialDistribution_ZernikeMagnitude_RFP_9_5,0.0253942242184443,0.013442033880445283
Cells_RadialDistribution_ZernikeMagnitude_GFP_7_1,-0.007615505384613834,0.04811536925093045
Cells_Correlation_RWC_DAPI_RFP,0.11279382327766002,-0.23888520448059228
Cells_RadialDistribution_ZernikePhase_DAPI_1_1,-0.07046439707154475,-0.019694468832654417
Cytoplasm_Intensity_LowerQuartileIntensity_RFP,-0.28730074374939424,-0.22681023635234263
Nuclei_Correlation_RWC_GFP_CY5,-0.39254949525439614,-0.4241760072284626
Cytoplasm_Texture_InfoMeas1_GFP_3_02_256,-0.21227322080491837,-0.2003585257509285
Cells_RadialDistribution_RadialCV_DAPI_3of4,0.08348220123852292,0.0848525018114954
Cells_RadialDistribution_ZernikeMagnitude_DAPI_9_9,0.047345561806083174,-0.027257318207961945
Cells_RadialDistribution_ZernikePhase_DAPI_8_2,0.0201974367250885,0.036692179100899946
Cytoplasm_Correlation_Correlation_GFP_RFP,0.014865963055329277,0.0
Nuclei_Intensity_MassDisplacement_DAPI,-0.030121582164141226,-0.042292015538896346
Cells_RadialDistribution_RadialCV_RFP_1of4,0.03907422339504093,0.05820662438573361
Cytoplasm_RadialDistribution_RadialCV_CY5_3of4,-0.05132214799140832,-0.0409183754895748
Cells_Neighbors_FirstClosestDistance_Adjacent,0.006772695363207753,-0.06748826055876245
Nuclei_RadialDistribution_ZernikePhase_DAPI_1_1,-0.042517911280453256,-0.04315282276772886
Nuclei_RadialDistribution_ZernikePhase_CY5_1_1,0.015635159118635743,0.019111429127632147
Nuclei_Texture_Correlation_DAPI_3_02_256,-0.2934045381596185,-0.14428723744794555
Cells_Texture_InfoMeas1_CY5_3_02_256,0.18320013712693575,0.0
Cytoplasm_RadialDistribution_ZernikeMagnitude_CY5_5_3,-0.15154338916140153,-0.07226209108200486
Cytoplasm_RadialDistribution_ZernikePhase_DAPI_3_1,-0.0069846762721783515,-0.028965193820648313
Nuclei_Granularity_1_RFP,-0.01515159810275842,0.10439690435577702
Nuclei_RadialDistribution_ZernikePhase_CY5_5_1,0.0033482105244059895,0.0040383825902032666
Cytoplasm_RadialDistribution_ZernikePhase_GFP_8_4,-0.0011968936390244133,0.02296837070657485
Cells_Texture_InfoMeas2_RFP_3_03_256,-0.1646649108849238,-0.15595149430472066
Cells_RadialDistribution_MeanFrac_RFP_1of4,0.3887963116442385,0.24900527916757142
Nuclei_RadialDistribution_FracAtD_GFP_3of4,0.5714153184207876,0.05237643950935926
Nuclei_RadialDistribution_ZernikePhase_CY5_8_2,0.012985008116200382,0.014473656485317923
Nuclei_Texture_DifferenceEntropy_RFP_3_03_256,0.008591252421495917,0.12648796795573775
Cytoplasm_RadialDistribution_ZernikePhase_DAPI_8_6,-0.016943438732108067,-0.00800273109186816
Cytoplasm_RadialDistribution_ZernikePhase_DAPI_9_7,-0.033428456071124595,-0.06190634798671661
Cells_RadialDistribution_ZernikePhase_DAPI_3_3,-0.003956626094401,-0.002018936562366409
Nuclei_RadialDistribution_ZernikePhase_GFP_9_9,-0.028095371410146657,-0.0008858599530756848
Nuclei_Intensity_MADIntensity_GFP,-0.6035881800794796,-0.66508515141643
Cytoplasm_RadialDistribution_ZernikePhase_DAPI_6_4,0.0003389141227386593,0.008071269747868813
Cells_Texture_InfoMeas2_RFP_3_00_256,-0.20092491654319725,-0.00479292579936925
Nuclei_AreaShape_Zernike_6_0,0.04169218437779553,0.04287239863291548
Cells_RadialDistribution_FracAtD_RFP_4of4,-0.38690757846090845,-0.10687858520767651
Cells_RadialDistribution_ZernikeMagnitude_GFP_9_1,-0.09873681934514243,-0.04296398277993437
Cells_AreaShape_Zernike_1_1,-0.1861830941785199,-0.14519541091295335
Cells_RadialDistribution_ZernikeMagnitude_CY5_6_0,0.038881021177113485,0.13158141673600554
Nuclei_RadialDistribution_ZernikeMagnitude_CY5_8_8,-0.16074080345020006,-0.20269728349010485
Cytoplasm_RadialDistribution_RadialCV_CY5_4of4,0.004911883433776941,-0.013729148643900861
Cells_AreaShape_Zernike_6_0,-0.08096009625681977,-0.06592530460240945
Nuclei_RadialDistribution_ZernikeMagnitude_GFP_7_1,0.13950041794421658,0.11447632580187946
Cytoplasm_AreaShape_Zernike_5_1,-0.05098441050865186,-0.0020397173704452647
Cells_RadialDistribution_ZernikeMagnitude_GFP_9_3,-0.018420771873506457,0.010428263763737363
Cytoplasm_Correlation_Overlap_DAPI_GFP,-0.09359357314278269,-0.11078985549616892
Nuclei_RadialDistribution_ZernikeMagnitude_CY5_9_5,0.04488113689183669,0.035001423198016815
Cells_RadialDistribution_ZernikePhase_CY5_7_3,0.05515286278250815,0.04528588531111649
Cells_AreaShape_Zernike_7_1,-0.00944377376396977,-0.01591248263035619
Nuclei_RadialDistribution_RadialCV_GFP_4of4,-0.02740660718377617,-0.02792455392707547
Cells_Texture_Contrast_DAPI_3_02_256,0.7583513553274333,0.6030165761491058
Cytoplasm_RadialDistribution_ZernikePhase_DAPI_8_2,-0.004346241962067927,-0.01759197642894615
Cytoplasm_Texture_InverseDifferenceMoment_RFP_3_02_256,-0.04646213957692291,0.0
Cells_RadialDistribution_ZernikePhase_DAPI_6_4,-0.004412662271722461,-0.00426989019892847
Nuclei_RadialDistribution_ZernikePhase_GFP_3_3,-0.02729323290614251,-0.026023857121429413
Nuclei_RadialDistribution_ZernikeMagnitude_GFP_7_3,-0.03210474711309152,-0.026674442199061104
Cells_AreaShape_FormFactor,0.6667021967039041,0.0
Cytoplasm_RadialDistribution_FracAtD_DAPI_4of4,1.0962644772071855,0.3168042095336101
Nuclei_AreaShape_Zernike_5_1,0.005072949047553451,0.05716926574620843
Cytoplasm_RadialDistribution_ZernikePhase_CY5_9_3,-0.022788740047077424,-0.017316548189079174
Cytoplasm_RadialDistribution_ZernikeMagnitude_RFP_6_2,-0.05823777229416316,-0.08457276401886192
Nuclei_RadialDistribution_ZernikePhase_CY5_5_5,-0.0071815221350102435,0.005587385989753421
Nuclei_RadialDistribution_ZernikePhase_DAPI_3_3,0.001385215721532462,0.01904012579754549
Nuclei_RadialDistribution_RadialCV_CY5_2of4,-0.05153039059650482,-0.05525825226205767
Cytoplasm_RadialDistribution_RadialCV_CY5_1of4,-0.08708388674970531,-0.09982223160687642
Nuclei_Texture_InfoMeas1_RFP_3_02_256,-0.7529697261320146,-0.03717908725213531
Cytoplasm_RadialDistribution_ZernikeMagnitude_RFP_5_1,0.11266454051239146,0.11324772816218556
Nuclei_AreaShape_MinFeretDiameter,0.29843102646581987,0.0
Nuclei_RadialDistribution_ZernikeMagnitude_RFP_6_0,0.034941736699691875,0.0044020234859295185
Cytoplasm_Texture_Contrast_GFP_3_00_256,0.49399946313064175,0.01645251006334488
Nuclei_RadialDistribution_ZernikeMagnitude_DAPI_7_7,0.08936025532266527,0.07060505360514535
Nuclei_Texture_Contrast_RFP_3_02_256,0.15862346510307254,0.24614914129780885
Cells_Intensity_MaxIntensityEdge_CY5,0.039701371600580175,-0.03046465714404063
Nuclei_RadialDistribution_ZernikeMagnitude_RFP_6_2,0.0035826431719925608,-0.04363322373697561
Cells_RadialDistribution_ZernikePhase_CY5_4_2,-0.09374543252974388,-0.1027425054974695
Nuclei_RadialDistribution_ZernikeMagnitude_CY5_7_7,0.04359901676882947,0.030877168957093616
Nuclei_RadialDistribution_ZernikeMagnitude_RFP_4_2,-0.03338700611974115,-0.03778816264404745
Nuclei_RadialDistribution_ZernikePhase_CY5_4_2,-0.020089935156625056,-0.03416988463599954
Nuclei_RadialDistribution_ZernikePhase_GFP_6_4,0.024923870951711374,0.04317380228552447
Cells_RadialDistribution_ZernikeMagnitude_CY5_5_1,-0.0744106740833721,0.16305576481251105
Cytoplasm_RadialDistribution_ZernikePhase_RFP_9_1,0.018262507492637976,0.02057820451464805
Cytoplasm_RadialDistribution_ZernikePhase_DAPI_9_3,0.05847633086494606,0.07280127861909105
Nuclei_RadialDistribution_ZernikePhase_GFP_8_2,-0.021066708372924407,-0.023582881509824797
Cytoplasm_RadialDistribution_ZernikePhase_RFP_9_7,0.00158948292499275,0.0
Cytoplasm_Texture_Contrast_RFP_3_00_256,0.06357663085176815,0.0
Nuclei_Texture_InverseDifferenceMoment_RFP_3_02_256,-0.31453049501169383,-0.0998439836245723
Nuclei_RadialDistribution_ZernikeMagnitude_DAPI_1_1,0.09662945549294248,-0.038172307337301134
Cytoplasm_Correlation_RWC_DAPI_GFP,-0.88379440043305,-0.7685595714959486
Nuclei_RadialDistribution_ZernikePhase_RFP_1_1,-0.011296263198200636,-0.018864004750125004
Cytoplasm_Texture_Correlation_DAPI_3_00_256,-0.18186438219184575,-0.012640753935722187
Cytoplasm_RadialDistribution_ZernikePhase_CY5_9_1,0.040599635152023784,0.05381801346429238
Cytoplasm_AreaShape_MinorAxisLength,0.11914010728508372,0.0
Cytoplasm_RadialDistribution_ZernikePhase_GFP_7_1,0.08758646115757665,0.031435902407577015
Nuclei_Texture_Correlation_GFP_3_03_256,0.08658126758938742,0.034923385815906316
Nuclei_AreaShape_Zernike_8_4,0.1186404378181683,0.12436832418329162
Nuclei_Texture_Contrast_DAPI_3_01_256,0.2242041991283089,0.0
Nuclei_AreaShape_Zernike_5_3,-0.027709442696348854,0.032749592219456614
Nuclei_RadialDistribution_ZernikePhase_GFP_7_7,0.0038351592188022683,0.004549922523023756
Cells_Texture_InfoMeas1_RFP_3_02_256,-0.3202493190796108,-0.27764782607419713
Cytoplasm_RadialDistribution_ZernikeMagnitude_DAPI_1_1,-0.15612051124664603,0.06530170033003879
Cytoplasm_RadialDistribution_ZernikePhase_RFP_5_3,-0.04128099826764384,-0.028716961981477836
Cytoplasm_Intensity_MassDisplacement_GFP,0.01594869611709974,0.0564956983146576
Nuclei_RadialDistribution_ZernikeMagnitude_DAPI_4_0,-0.15558629039645888,-0.05844852421814292
Cells_Correlation_Correlation_DAPI_RFP,-0.2283765587034637,-0.27236851566558956
Cytoplasm_AreaShape_Eccentricity,-0.03499314181200121,-0.08107032465200734
Nuclei_RadialDistribution_ZernikePhase_RFP_9_5,0.021869529470867396,0.005095925264660707
Nuclei_RadialDistribution_ZernikeMagnitude_RFP_2_2,-0.0617352025363333,-0.06958750515694999
Cells_AreaShape_Zernike_5_3,0.05440799420981955,0.015215246018934918
Cells_RadialDistribution_ZernikeMagnitude_DAPI_5_1,-0.026165381549963937,0.08411819555156923
Nuclei_RadialDistribution_ZernikeMagnitude_RFP_9_1,-0.027508222422708103,-0.035126427875352466
Cytoplasm_RadialDistribution_FracAtD_CY5_1of4,0.06496576622624958,0.017074181082174435
Nuclei_RadialDistribution_ZernikePhase_GFP_9_3,0.025180496064091663,0.006566907592808081
Nuclei_RadialDistribution_ZernikePhase_RFP_9_7,0.03714845671537224,0.02237783803674157
Cytoplasm_RadialDistribution_RadialCV_RFP_4of4,-0.05221138021660457,-0.0008174947167263116
Nuclei_RadialDistribution_ZernikePhase_DAPI_6_6,-0.002343873540645279,-0.009100914074614504
Nuclei_Correlation_RWC_DAPI_CY5,-0.7723681198295049,-0.3373812274624935
Cells_RadialDistribution_ZernikePhase_RFP_3_1,-0.021636548893358608,-0.002068473282017895
Cytoplasm_RadialDistribution_ZernikeMagnitude_RFP_8_2,-0.01092901316873064,0.017635789586082196
Cytoplasm_RadialDistribution_ZernikePhase_GFP_9_5,-0.03948876611240207,-0.07175056394655605
Nuclei_RadialDistribution_RadialCV_RFP_1of4,0.00640495864118352,0.039025543293717366
Cells_Correlation_K_DAPI_RFP,-0.28953330612721057,-0.021483368716488427
Cells_Texture_Correlation_GFP_3_02_256,-0.16961340537446576,0.0
Cytoplasm_Texture_InfoMeas1_DAPI_3_01_256,0.4131972776823228,0.4325410886122984
Cytoplasm_AreaShape_Zernike_2_0,-0.3306293419606297,-0.2520880233679408
Cytoplasm_RadialDistribution_ZernikeMagnitude_CY5_4_2,-0.18164640919947564,-0.12350351153077987
Cells_RadialDistribution_ZernikeMagnitude_DAPI_8_0,0.016441118777979585,-0.06282897218479583
Cells_RadialDistribution_ZernikePhase_DAPI_9_5,0.06667260421334621,0.044799345534272186
Nuclei_AreaShape_Zernike_3_3,-0.06629281907578309,-0.041575130741303284
Cells_RadialDistribution_ZernikeMagnitude_DAPI_7_1,0.05186196221739102,0.10298048476633083
Cells_Texture_InfoMeas1_RFP_3_00_256,-1.3334611793238862,-0.28465290741877375
Nuclei_RadialDistribution_ZernikeMagnitude_CY5_3_3,-0.08113482552193335,-0.02746850488949211
Cells_AreaShape_Zernike_7_5,0.04668629625673316,-0.026481409010234297
Nuclei_AreaShape_Solidity,-0.14875338363176818,-0.18987678492485704
Cytoplasm_RadialDistribution_ZernikeMagnitude_RFP_3_3,0.031130849544208784,0.0
Cytoplasm_RadialDistribution_ZernikeMagnitude_DAPI_9_7,0.19694539752760515,0.0
Cytoplasm_RadialDistribution_ZernikePhase_DAPI_9_5,-0.008613662087428614,0.012221645043268814
Cells_Texture_InfoMeas2_RFP_3_02_256,-0.04127152749968342,-0.047538039211729805
Nuclei_RadialDistribution_ZernikePhase_GFP_6_2,-0.0297635695957368,-0.0205675498532483
Cells_RadialDistribution_ZernikeMagnitude_RFP_9_1,0.035126163170038215,0.018850609955925485
Nuclei_RadialDistribution_ZernikeMagnitude_RFP_4_0,0.05376653957505808,0.020512987040512052
Cells_RadialDistribution_ZernikePhase_RFP_9_5,-0.025592886541493335,-0.024537661092293734
Nuclei_Correlation_Correlation_CY5_GFP,0.1509902227342362,0.14804429454807888
Nuclei_RadialDistribution_ZernikeMagnitude_DAPI_9_1,-0.00883071772021087,-0.025647386442970592
Nuclei_Texture_Correlation_RFP_3_01_256,-0.03752121290836129,-0.010877923531006459
Nuclei_RadialDistribution_ZernikeMagnitude_DAPI_8_2,-0.0620994151167971,-0.03701326331025321
Cells_Texture_InfoMeas1_CY5_3_01_256,-0.251765063879438,-0.06522570143875067
Cells_RadialDistribution_ZernikePhase_CY5_6_4,-0.09813163932787028,-0.06899947146260774
Cells_AreaShape_Zernike_4_2,0.03560235793188892,0.0038284319698315863
Nuclei_Correlation_RWC_CY5_RFP,-0.5976489279537126,-0.3195430069851728
Nuclei_Intensity_IntegratedIntensity_DAPI,0.34770496222692604,0.0
Cells_RadialDistribution_FracAtD_RFP_1of4,-0.6040129398825594,-0.39552553792394674
Nuclei_Correlation_Correlation_CY5_DAPI,-0.20535105126963077,-0.33393777408012193
Nuclei_RadialDistribution_ZernikePhase_GFP_4_2,0.015068732616962559,0.033514756185650266
Cytoplasm_Texture_InfoMeas2_GFP_3_00_256,0.811445050608064,0.0
Nuclei_RadialDistribution_ZernikePhase_GFP_5_3,-0.003282520350513055,-0.011863943341533961
Cytoplasm_RadialDistribution_ZernikePhase_CY5_7_3,-0.04055511675618012,0.006207523627986831
Cytoplasm_AreaShape_Zernike_8_2,-0.045618791057720876,-0.03801430391294092
Cytoplasm_AreaShape_Zernike_8_4,0.0393328968375378,0.059417302801135094
Nuclei_AreaShape_Extent,-0.03777430363357765,0.009196307390211825
Nuclei_RadialDistribution_ZernikeMagnitude_CY5_5_5,-0.013926917102993258,-0.005728848918595763
Cytoplasm_RadialDistribution_ZernikePhase_CY5_1_1,-0.0195976265731141,-0.006758939056861277
Cytoplasm_RadialDistribution_ZernikePhase_GFP_4_2,-0.014379699162650554,-0.02061736533371431
Nuclei_RadialDistribution_ZernikeMagnitude_DAPI_5_3,0.0797941352564353,0.025421968670048766
Cells_RadialDistribution_ZernikePhase_CY5_3_1,0.049950179787776786,0.048753370752035
Nuclei_RadialDistribution_ZernikeMagnitude_CY5_5_1,-0.02912643277857819,0.039671947188039444
Nuclei_Texture_DifferenceEntropy_RFP_3_02_256,0.32901689121542976,-0.08695996949695893
Cells_RadialDistribution_ZernikeMagnitude_DAPI_8_2,-0.03710199436714887,-0.08944782863205987
Cytoplasm_RadialDistribution_ZernikeMagnitude_CY5_8_4,0.005406170536696818,-0.011065301320115482
Cytoplasm_RadialDistribution_ZernikeMagnitude_DAPI_2_0,-0.5236032463275566,-0.282834199447102
Cytoplasm_RadialDistribution_ZernikeMagnitude_RFP_9_1,-0.08002483132763173,-0.08639939281970987
Cells_AreaShape_Zernike_8_2,0.04952640478224995,0.02286760510828063
Nuclei_RadialDistribution_ZernikeMagnitude_RFP_5_1,-0.021607225274475284,-0.025537139253657765
Cytoplasm_RadialDistribution_RadialCV_DAPI_2of4,0.007533897550085854,0.005035126753740579
Cells_Texture_Correlation_DAPI_3_01_256,-1.2858435231886016,-1.141353504762757
Cells_RadialDistribution_ZernikePhase_GFP_3_3,0.0023716399776389143,0.03879267636496592
Nuclei_RadialDistribution_RadialCV_GFP_1of4,-0.020728728276155253,-0.02681824183332192
Cytoplasm_RadialDistribution_ZernikePhase_DAPI_7_7,0.028483124594935797,0.03624962211402886
Nuclei_Intensity_IntegratedIntensity_RFP,0.18682170524231248,0.7875756366410326
Cells_RadialDistribution_RadialCV_RFP_4of4,-0.12302111788581674,-0.14144582212217974
Nuclei_RadialDistribution_ZernikePhase_CY5_9_5,-0.021607554336357405,-0.0023355271855709406
Cytoplasm_RadialDistribution_FracAtD_DAPI_1of4,0.13050806729807857,0.0
Cytoplasm_RadialDistribution_ZernikeMagnitude_CY5_6_2,-0.024293889572457848,-0.09371506961254761
Cytoplasm_RadialDistribution_ZernikeMagnitude_CY5_4_0,-0.06541053670366674,-0.23489573185694984
Nuclei_RadialDistribution_ZernikePhase_CY5_2_2,0.0056471887885993334,0.0
Nuclei_Correlation_RWC_CY5_DAPI,0.4058510575755993,0.04070582945473115
Nuclei_Intensity_MaxIntensity_RFP,-0.1076641411851677,-0.034335811761318315
Cytoplasm_RadialDistribution_ZernikePhase_GFP_7_5,-0.03968532381193922,-0.03698560942101102
Nuclei_AreaShape_Zernike_8_0,0.1145299463142939,0.09462047136193208
Cytoplasm_Correlation_K_RFP_CY5,-0.24105965079922878,0.14851731260325976
Cytoplasm_RadialDistribution_ZernikePhase_RFP_8_2,-0.07393759085154941,-0.07431160125877448
Cytoplasm_RadialDistribution_ZernikePhase_RFP_9_3,-0.06387609628873295,-0.04308509544507599
Cells_Neighbors_SecondClosestDistance_Adjacent,-0.07302979407044043,0.0
Nuclei_Correlation_Overlap_DAPI_RFP,0.014121812929173234,0.19923581767026646
Cells_RadialDistribution_ZernikePhase_GFP_5_1,0.021099484805311448,0.0170818614073096
Nuclei_RadialDistribution_FracAtD_RFP_1of4,-0.15275527711802078,0.15340020198938278
Cells_RadialDistribution_ZernikeMagnitude_GFP_8_2,0.23689040871189507,0.2806976167550178
Cells_RadialDistribution_ZernikePhase_RFP_7_3,0.0024010283859799003,0.0012636576997763348
Nuclei_RadialDistribution_ZernikeMagnitude_GFP_9_9,-0.0638667086203823,-0.024398763557293326
Cells_RadialDistribution_ZernikeMagnitude_GFP_8_0,0.07615242164785406,0.09314003322808428
Nuclei_RadialDistribution_ZernikeMagnitude_CY5_8_0,0.0671097213875425,0.008511930063667628
Nuclei_Correlation_Correlation_GFP_RFP,-0.018704172392072893,0.0249690681225473
Cytoplasm_Intensity_MeanIntensityEdge_CY5,-1.1333678616923262,0.02399068052767887
Cytoplasm_RadialDistribution_ZernikeMagnitude_RFP_7_1,-0.021572877328642125,-0.045483955466601424
Cytoplasm_RadialDistribution_ZernikePhase_DAPI_5_5,-0.013089794844572487,0.015384959956242618
Cytoplasm_RadialDistribution_ZernikeMagnitude_DAPI_8_0,0.06268527646757797,0.04986790822039636
Nuclei_Correlation_RWC_DAPI_GFP,0.8050328699692321,0.3789452101086185
Nuclei_RadialDistribution_MeanFrac_CY5_2of4,-1.2154559198785049,-0.8435387960863759
Nuclei_Correlation_Correlation_DAPI_GFP,-0.37200373459124964,-0.3740058334085148
Cytoplasm_RadialDistribution_ZernikePhase_DAPI_2_2,0.05251052174067028,0.03789545283942241
Nuclei_Correlation_K_GFP_DAPI,-0.07833325510257447,0.38842883156827235
Cytoplasm_RadialDistribution_ZernikeMagnitude_CY5_2_0,-0.1424270708605888,-0.24923503015270485
Cells_Granularity_1_GFP,0.1510616619448739,0.0
Nuclei_RadialDistribution_ZernikePhase_DAPI_7_7,0.014388421351864088,0.0033541382290265477
Cells_RadialDistribution_ZernikePhase_GFP_8_4,0.02633896481905188,0.003584890073306856
Cytoplasm_RadialDistribution_RadialCV_GFP_4of4,-0.05501162378905817,-0.030194290257184852
Cells_RadialDistribution_ZernikeMagnitude_CY5_8_0,-0.14402722282448946,-0.1022455205222358
Nuclei_RadialDistribution_RadialCV_RFP_3of4,0.13333614026100377,0.09306417740148444
Cells_Granularity_1_DAPI,0.9494906405623714,0.7494698663505389
Cytoplasm_RadialDistribution_ZernikeMagnitude_CY5_9_3,-0.022617936667541794,0.06960570243901681
Cells_RadialDistribution_ZernikePhase_RFP_6_2,0.003751039126474781,0.007958660983987337
Cells_RadialDistribution_RadialCV_CY5_2of4,0.05958106086029568,0.06560264024341755
Cells_AreaShape_MedianRadius,0.5084749462206436,0.33586635640442725
Nuclei_RadialDistribution_ZernikePhase_DAPI_9_9,0.008359163241014825,0.006143731225659274
Cells_RadialDistribution_MeanFrac_RFP_4of4,0.07405777549224667,0.10618676895954947
Cells_RadialDistribution_ZernikeMagnitude_CY5_6_2,0.18114788550738725,0.22960375475461214
Cytoplasm_Texture_SumVariance_GFP_3_03_256,0.2599743531034816,0.29217580182844083
Cells_Correlation_RWC_DAPI_GFP,-0.30467887889526585,-0.2917747719060948
Cells_RadialDistribution_RadialCV_RFP_2of4,0.03811781889145889,0.054148001250462006
Cells_Texture_InfoMeas1_DAPI_3_01_256,0.23354401074511438,0.04500340424219431
Nuclei_AreaShape_Zernike_9_1,0.004566999319624953,-0.015924721986753505
Nuclei_Texture_Correlation_GFP_3_01_256,-0.0019372837811476478,-0.018772563244843707
Cytoplasm_Intensity_UpperQuartileIntensity_GFP,-0.5953589462798135,-0.5231920527864972
Cytoplasm_RadialDistribution_ZernikeMagnitude_CY5_9_5,0.011552054629851408,0.0
Cells_Intensity_MaxIntensity_CY5,0.04449428268615113,0.08394138266489747
Cytoplasm_RadialDistribution_ZernikeMagnitude_GFP_5_1,-0.12886332213039525,0.05523882153274793
Cells_RadialDistribution_ZernikeMagnitude_RFP_5_1,-0.05109673837361645,-0.08860688727747255
Nuclei_RadialDistribution_ZernikeMagnitude_RFP_6_4,-0.056400251153969565,-0.05771263399358172
Cytoplasm_RadialDistribution_ZernikePhase_RFP_7_1,0.0250622988414023,0.01587084030310805
Cells_RadialDistribution_ZernikeMagnitude_DAPI_9_1,-0.07661933097188786,-0.15008779816715437
Nuclei_RadialDistribution_ZernikeMagnitude_DAPI_8_6,0.05242950531282304,0.019172115677230133
Cells_RadialDistribution_ZernikeMagnitude_CY5_9_1,-0.011190873917176271,-0.01438179540995369
Cells_RadialDistribution_MeanFrac_RFP_2of4,-0.18626139794923485,-0.08648286796745877
Nuclei_RadialDistribution_RadialCV_CY5_3of4,0.15913947970479983,0.1512814577854092
Nuclei_RadialDistribution_ZernikeMagnitude_GFP_9_3,-0.06858616199510359,-0.049373954892514164
Cytoplasm_Intensity_IntegratedIntensityEdge_DAPI,-1.6096870169630406,-1.6263863740533349
Cells_RadialDistribution_ZernikePhase_RFP_8_2,-0.03367138017164652,-0.005436115950477601
Nuclei_Texture_Correlation_RFP_3_00_256,-0.18466512614243064,-0.09444298676418693
Cells_RadialDistribution_ZernikePhase_RFP_1_1,-0.0820510351298672,-0.06331850949719414
Cells_RadialDistribution_ZernikePhase_DAPI_9_7,0.013320229443531822,0.0176751684555852
Nuclei_Correlation_RWC_RFP_DAPI,-0.3572002478183204,-0.04798286037528993
Cytoplasm_RadialDistribution_FracAtD_RFP_1of4,-0.577883521481809,-0.22654249934092652
Nuclei_RadialDistribution_ZernikePhase_CY5_7_3,0.001509053358813542,0.017589616168441752
Nuclei_RadialDistribution_ZernikePhase_DAPI_3_1,0.029164922076219107,0.009118266135554423
Cells_RadialDistribution_ZernikePhase_CY5_1_1,-0.10874552185709112,-0.07086782920388823
Cytoplasm_Correlation_Correlation_DAPI_GFP,-0.2978684655777525,-0.03466089944773587
Nuclei_Correlation_RWC_DAPI_RFP,0.37931255382026247,0.2529531826731957
Nuclei_RadialDistribution_RadialCV_GFP_2of4,0.12537299527614168,0.09432834925584463
Cells_RadialDistribution_RadialCV_GFP_3of4,0.13995488459501865,0.10136317372989055
Nuclei_Texture_Correlation_CY5_3_00_256,0.030395471956047034,0.043097736475758826
Nuclei_RadialDistribution_ZernikeMagnitude_DAPI_3_1,0.11176092026703288,0.15881490799994324
Cells_RadialDistribution_ZernikePhase_CY5_3_3,-0.03694093963992756,-0.03667776387710539
Cytoplasm_RadialDistribution_ZernikeMagnitude_DAPI_5_1,0.0394848469729309,0.04244841740870452
Cytoplasm_RadialDistribution_ZernikePhase_DAPI_4_4,0.013386858689593172,0.03973084484726001
Nuclei_Granularity_1_GFP,0.10790674433449941,0.1172753051580181
Nuclei_RadialDistribution_ZernikeMagnitude_CY5_9_9,0.006675627301365728,-0.06555883729508392
Cytoplasm_RadialDistribution_ZernikeMagnitude_DAPI_9_5,-0.22425393117270354,-0.21579620424378768
Nuclei_Intensity_IntegratedIntensity_CY5,-0.7451499410379271,-0.1374561182401682
Nuclei_AreaShape_Zernike_8_6,0.03097304313029152,0.07902218372286415
Nuclei_RadialDistribution_ZernikeMagnitude_GFP_8_8,-0.1020065145529991,-0.06121658261402498
Cells_RadialDistribution_ZernikePhase_DAPI_5_5,-0.05773564160970325,-0.028328542037440972
Nuclei_RadialDistribution_ZernikeMagnitude_DAPI_6_2,-0.05731071361218546,-0.11357315929098778
Nuclei_RadialDistribution_ZernikeMagnitude_GFP_3_3,0.13044063414353446,0.05620760963185991
Cytoplasm_Correlation_RWC_DAPI_RFP,-0.1279420352470231,0.03314227781173398
Nuclei_Correlation_Correlation_CY5_RFP,0.06852482852415152,0.06551081203500737
Cytoplasm_RadialDistribution_ZernikeMagnitude_GFP_6_0,-0.027402693985391385,0.010864444897998144
Cytoplasm_RadialDistribution_ZernikePhase_CY5_3_3,0.08732576509806471,0.06354465002984042
Cells_RadialDistribution_ZernikePhase_DAPI_8_8,-0.0468129861994208,-0.034921821285719135
Cells_RadialDistribution_ZernikeMagnitude_DAPI_6_0,0.12832725214013246,0.13585528563871
Cytoplasm_RadialDistribution_ZernikePhase_RFP_6_2,0.005317495926101672,0.01857438443299997
Cytoplasm_RadialDistribution_ZernikeMagnitude_GFP_9_3,-0.03387910446203623,-0.07626920124592272
Cytoplasm_Texture_Correlation_DAPI_3_01_256,-0.5217597452215235,-0.38357376382058267
Cells_Texture_Correlation_DAPI_3_02_256,1.3299458350179407,1.2072811347715222
Cells_RadialDistribution_ZernikePhase_CY5_7_5,0.045708537920537806,0.023992469542464524
Cells_RadialDistribution_RadialCV_GFP_4of4,0.020496582048492695,0.03295301114828994
Cells_RadialDistribution_ZernikePhase_GFP_7_3,-0.0450418250807825,-0.0648235120979762
Cytoplasm_RadialDistribution_ZernikePhase_DAPI_8_4,-0.06918063979157645,-0.050079302926156415
Cells_RadialDistribution_ZernikeMagnitude_DAPI_9_3,-0.05586112794830076,-0.07714214128860859
Cells_AreaShape_Area,-0.6447025316538071,0.0
Nuclei_RadialDistribution_ZernikeMagnitude_RFP_2_0,-0.034569989196227544,-0.2272552547332883
Cytoplasm_RadialDistribution_ZernikeMagnitude_GFP_2_0,0.318036700718768,0.2786577128393443
Cells_RadialDistribution_ZernikePhase_GFP_9_3,-0.04752096251643913,-0.05052750333911512
Nuclei_RadialDistribution_ZernikeMagnitude_GFP_7_7,0.01772628315028843,0.059436074941043505
Nuclei_AreaShape_Zernike_3_1,-0.02437346091123935,0.038608788643819746
Nuclei_RadialDistribution_FracAtD_DAPI_4of4,3.6403079061162473,2.1816256771576596
Nuclei_RadialDistribution_ZernikePhase_RFP_6_4,-0.027596232184350315,-0.02883295543598483
Nuclei_RadialDistribution_ZernikePhase_RFP_8_4,-0.008169837416695639,0.003677051063487342
Cells_RadialDistribution_ZernikePhase_DAPI_6_6,0.0011146314314787317,-0.007664598460867324
Nuclei_RadialDistribution_ZernikePhase_GFP_5_1,-0.025932811159380374,-0.007400919352095977
Nuclei_RadialDistribution_ZernikeMagnitude_RFP_8_2,0.03455805577305294,0.005970798155673601
Cytoplasm_Correlation_RWC_RFP_CY5,0.19114489863180897,0.377769317329023
Cells_RadialDistribution_MeanFrac_RFP_3of4,-0.07412466745242659,0.0725955399555374
Cells_RadialDistribution_MeanFrac_DAPI_3of4,-0.15816444011135866,-0.1471504049131672
Cells_RadialDistribution_MeanFrac_DAPI_1of4,-0.23701175607139008,-0.1874837480975047
Cytoplasm_RadialDistribution_MeanFrac_RFP_1of4,0.23380563154903633,0.10093029472426154
Cells_Texture_Contrast_DAPI_3_00_256,0.2656373231903996,0.4581573669309087
Cells_Intensity_MaxIntensityEdge_GFP,0.16326962062318287,0.14729403390975832
Nuclei_AreaShape_FormFactor,-0.24006503910861132,-0.2178967086689962
Nuclei_RadialDistribution_RadialCV_RFP_4of4,0.29774304294246273,0.31935381296408194
Cytoplasm_RadialDistribution_FracAtD_DAPI_3of4,0.21644442666868982,-0.017983421575410576
Nuclei_Intensity_StdIntensityEdge_DAPI,0.047616324963932456,0.04536073548544751
Cytoplasm_Texture_InverseDifferenceMoment_RFP_3_03_256,0.0914661597748093,0.0
Cytoplasm_Texture_Contrast_GFP_3_01_256,-0.29142869331159554,0.03343616147259636
Cytoplasm_AreaShape_Zernike_4_2,-0.04475952072003066,0.04379815676873317
Nuclei_RadialDistribution_ZernikeMagnitude_RFP_9_7,0.014066417538225332,0.06422483543514404
Nuclei_Texture_Correlation_DAPI_3_03_256,0.5642111818673877,0.41239807962107355
Cytoplasm_Texture_Correlation_GFP_3_00_256,0.2930261179350729,-0.07759395787787812
Cells_RadialDistribution_ZernikePhase_RFP_5_1,-0.021119571684130103,-0.011984362549673491
Nuclei_RadialDistribution_ZernikePhase_DAPI_5_1,0.01338448902008837,0.017364310846991308
Cells_RadialDistribution_ZernikeMagnitude_GFP_5_1,-0.02692376853893279,-0.18874864263714258
Cytoplasm_AreaShape_Zernike_9_5,0.09652356234165688,0.06411007959299118
Cells_RadialDistribution_RadialCV_DAPI_1of4,0.002579940196417414,-0.02344693137331688
Nuclei_Intensity_MADIntensity_CY5,0.3420853269779571,0.012040209614315912
Cytoplasm_RadialDistribution_ZernikeMagnitude_DAPI_8_2,-0.026091921156842827,0.0013046558959095107
Cytoplasm_RadialDistribution_ZernikePhase_CY5_5_1,-0.030864052643980282,-0.02396186864603958
Cells_RadialDistribution_ZernikePhase_CY5_9_3,-0.028192411319289602,-0.006380098039146364
Nuclei_Intensity_MinIntensity_GFP,0.37041584690920154,0.5127478197234097
Cells_RadialDistribution_MeanFrac_DAPI_4of4,-0.3407630132700716,-0.29141150908499974
Nuclei_RadialDistribution_FracAtD_GFP_4of4,-0.25894991295252656,-0.29241334189239865
Cytoplasm_RadialDistribution_ZernikeMagnitude_GFP_9_9,-0.05394931706999057,0.0
Cytoplasm_RadialDistribution_ZernikePhase_GFP_9_3,0.08878369322262693,0.0722480035136132
Nuclei_RadialDistribution_ZernikePhase_CY5_6_4,-0.0328546209349171,-0.02946782290923897
Nuclei_RadialDistribution_ZernikePhase_GFP_9_1,-0.04653487833483467,-0.024806917322396742
Cytoplasm_RadialDistribution_ZernikeMagnitude_CY5_3_1,-0.380613912943654,-0.05689853946589864
Cells_Intensity_IntegratedIntensityEdge_CY5,-0.4045776369434547,0.4675209966992736
Nuclei_RadialDistribution_ZernikeMagnitude_CY5_7_3,-0.04536921638116562,-0.030489398775435134
Cells_RadialDistribution_ZernikePhase_CY5_8_2,0.05361827166546476,0.05376725847937342
Cells_RadialDistribution_RadialCV_DAPI_4of4,0.008270303247713804,0.037712187511961676
Cells_Correlation_RWC_CY5_GFP,0.3886347966537192,0.0
Cells_RadialDistribution_ZernikePhase_DAPI_8_6,-0.03644763631238275,-0.017679398894651848
Cytoplasm_RadialDistribution_ZernikePhase_GFP_9_7,-0.05754363624606756,0.0
Cells_RadialDistribution_RadialCV_CY5_3of4,-0.3481377970875416,-0.26108312318820753
Cytoplasm_Texture_InfoMeas1_GFP_3_00_256,1.6059700463465054,0.5704393102175657
Cytoplasm_AreaShape_Zernike_9_1,0.025294977920995096,0.05953883877337573
Cells_Texture_Correlation_DAPI_3_00_256,0.9016410325914112,0.6072121513323029
Cytoplasm_RadialDistribution_ZernikeMagnitude_RFP_3_1,-0.1653254473653876,-0.12288537089224034
Cytoplasm_Intensity_LowerQuartileIntensity_GFP,0.2352113740698025,0.3144212261396999
Nuclei_RadialDistribution_ZernikePhase_CY5_7_1,0.01908774136472584,0.010214053351766044
Nuclei_Texture_InfoMeas1_RFP_3_01_256,-0.12316451563685787,-0.35863101103324635
Cytoplasm_RadialDistribution_ZernikeMagnitude_DAPI_7_3,-0.10626125320294033,-0.11765254513402063
Cells_Correlation_Correlation_CY5_DAPI,-1.088897662086195,-0.6422440708035256
Cells_RadialDistribution_ZernikePhase_DAPI_7_7,-0.00139582232074449,-0.011690930537310372
Cells_RadialDistribution_ZernikeMagnitude_GFP_8_4,-0.06070002140085733,-0.112244790758556
Nuclei_RadialDistribution_ZernikePhase_CY5_9_1,0.03630722485446171,0.029288653548057195
Cytoplasm_RadialDistribution_ZernikePhase_CY5_8_4,0.027018353306788832,0.02045869853141445
Cytoplasm_Texture_Correlation_DAPI_3_03_256,-0.4901330236162829,-0.3152829637626879
Cells_RadialDistribution_FracAtD_GFP_1of4,0.3082230716226932,0.4174856055544403
Nuclei_RadialDistribution_ZernikeMagnitude_RFP_3_1,-0.06935811006800463,-0.06511070784611162
Cells_RadialDistribution_ZernikePhase_CY5_4_4,-0.045835367220052284,-0.023177946451331376
Nuclei_RadialDistribution_FracAtD_RFP_4of4,-1.635261130489637,-1.9925754702179066
Nuclei_RadialDistribution_ZernikeMagnitude_DAPI_9_3,-0.04697578555398109,-0.05020080241446229
Nuclei_RadialDistribution_ZernikePhase_DAPI_4_4,-0.015577121133212787,-0.022416447036778243
Nuclei_RadialDistribution_ZernikePhase_DAPI_7_3,0.006361244150429863,0.005918690092081078
Cytoplasm_RadialDistribution_RadialCV_RFP_2of4,0.1260656954091656,0.10711514036317815
Nuclei_RadialDistribution_MeanFrac_GFP_1of4,0.3350277910869924,0.5441111656670627
Nuclei_RadialDistribution_ZernikeMagnitude_GFP_5_1,-0.005358384063310977,-0.017084051600024398
Nuclei_Texture_Correlation_GFP_3_00_256,-0.05380984799304261,0.023145033167374318
Nuclei_RadialDistribution_ZernikePhase_RFP_2_2,0.03401092611327727,0.06364650496514059
Nuclei_Correlation_Correlation_DAPI_RFP,-0.1268843985182882,-0.08907462224454313
Nuclei_RadialDistribution_ZernikePhase_GFP_9_5,0.0350296381385577,0.004784433616795134
Nuclei_RadialDistribution_ZernikePhase_RFP_7_1,0.004127567594929962,-0.01676223193030278
Nuclei_RadialDistribution_ZernikePhase_DAPI_9_7,-0.027576072126538936,-0.021325119019930772
Nuclei_Intensity_MaxIntensity_GFP,0.1802393174412931,0.3738292229318867
Cells_RadialDistribution_FracAtD_DAPI_3of4,-0.01620749872102438,-0.017159861684417296
Nuclei_RadialDistribution_ZernikePhase_DAPI_8_4,-0.008925565836696719,-0.014268395326540957
Cells_RadialDistribution_ZernikePhase_GFP_1_1,0.0684503451464404,0.04925416038930695
Cells_RadialDistribution_ZernikePhase_DAPI_9_9,0.03166595575215869,0.01684567383312426
Cytoplasm_RadialDistribution_ZernikePhase_DAPI_5_1,0.016055352611021593,-0.00289305250893069
Nuclei_AreaShape_Zernike_4_2,-0.001443984976369606,0.037649028858474966
Cytoplasm_RadialDistribution_ZernikePhase_CY5_3_1,-0.037525001350059005,-0.09791864078658637
Nuclei_AreaShape_Zernike_0_0,0.4236793577349935,1.0344759266028012
Cytoplasm_AreaShape_Zernike_8_0,0.02839440935096717,0.02414054718485948
Cytoplasm_Intensity_StdIntensity_DAPI,1.0988708905091744,1.0213931155883809
Cells_Correlation_Overlap_DAPI_RFP,-0.08710791444110398,-0.2192387396457399
Nuclei_Correlation_RWC_CY5_GFP,-0.25904515560267183,0.019396222154484406
Cells_RadialDistribution_ZernikeMagnitude_CY5_4_0,-0.037910539175585956,0.19379872271227136
Nuclei_RadialDistribution_FracAtD_DAPI_3of4,1.785063249013801,0.8413953333318764
Cells_RadialDistribution_ZernikePhase_CY5_5_3,0.11789406464512817,0.07132030950623898
Nuclei_RadialDistribution_ZernikePhase_CY5_7_7,-0.03980369461893106,-0.024762178955748625
Cytoplasm_Intensity_MaxIntensityEdge_CY5,-0.2935817095322982,-0.19908456207654826
Cells_RadialDistribution_ZernikePhase_GFP_3_1,-0.033474923909874194,-0.009433402876033458
Cytoplasm_Correlation_K_DAPI_GFP,-0.46847989564719317,-0.21923260251324123
Nuclei_RadialDistribution_MeanFrac_CY5_4of4,0.3967042468613997,0.2926107781107634
Cytoplasm_Texture_Contrast_DAPI_3_03_256,-0.21077577732135816,-0.16176418028380654
Nuclei_RadialDistribution_ZernikePhase_RFP_8_8,-0.0012564096887742473,-0.005493024664979221
Cytoplasm_RadialDistribution_ZernikePhase_GFP_5_3,-0.06378174667156053,-0.040767633354706255
Nuclei_RadialDistribution_MeanFrac_GFP_2of4,0.0067172613757747746,0.3037171697829559
Cells_RadialDistribution_ZernikePhase_CY5_6_6,0.004267635993522906,0.0035638923723160503
Cytoplasm_RadialDistribution_ZernikePhase_GFP_1_1,-0.01379747056349484,-0.0329698662862888
Cells_Intensity_MaxIntensityEdge_RFP,-0.2271875871602272,-0.22828873086313145
Cells_RadialDistribution_MeanFrac_GFP_2of4,0.08658779041092442,0.1029126802639788
Cytoplasm_RadialDistribution_ZernikePhase_DAPI_7_5,-0.02731149314313817,-0.018146144740209036
Cells_RadialDistribution_ZernikePhase_DAPI_9_1,-0.002502046589657071,-0.006681472895474516
Nuclei_Texture_Contrast_RFP_3_01_256,0.02222309598801182,-0.06140216801628346
Nuclei_AreaShape_Zernike_9_3,0.02001383727704425,0.009549722716191861
Nuclei_Correlation_Overlap_DAPI_GFP,0.2225963584130808,0.22868899909345264
Nuclei_RadialDistribution_ZernikeMagnitude_RFP_7_3,0.08370968813638388,0.07145353276189075
Cells_Texture_InfoMeas1_DAPI_3_03_256,-0.36293087785481865,-0.6906266531320381
Nuclei_RadialDistribution_ZernikePhase_CY5_3_3,0.0124228202598565,0.026352574290716323
Nuclei_Correlation_Overlap_GFP_RFP,-0.06742535463844283,-0.0488676702713421
Cytoplasm_RadialDistribution_ZernikeMagnitude_RFP_9_3,0.055957893437655955,-0.0049797777872763625
Cells_RadialDistribution_ZernikeMagnitude_RFP_7_3,0.23125227912916274,0.10921992910076457
Nuclei_RadialDistribution_ZernikeMagnitude_RFP_8_8,0.1555900893642625,0.10986730470771494
Nuclei_RadialDistribution_FracAtD_RFP_2of4,-0.9247899711780754,-0.42035775106222517
Nuclei_RadialDistribution_ZernikeMagnitude_CY5_1_1,0.1222049516760753,0.2035930513024423
Cells_RadialDistribution_ZernikePhase_GFP_9_5,0.046553923064893275,0.0751308312663819
Cells_RadialDistribution_ZernikeMagnitude_DAPI_3_1,0.15071974351552117,-0.15547706018343024
Nuclei_RadialDistribution_FracAtD_DAPI_1of4,0.1289593457269417,0.09884661356572515
Nuclei_RadialDistribution_ZernikePhase_CY5_5_3,0.013927709688146257,0.041424748609803115
Nuclei_RadialDistribution_ZernikeMagnitude_RFP_8_0,-0.05704996736108268,-0.04503300041023964
Nuclei_RadialDistribution_ZernikePhase_GFP_8_4,-0.004534401326474719,0.011063701582162985
Cells_RadialDistribution_ZernikePhase_RFP_8_4,-0.011265472389830755,-0.005321627676034966
Cells_Texture_InfoMeas1_GFP_3_02_256,0.5461755225742332,0.581580319316563
Cytoplasm_RadialDistribution_RadialCV_CY5_2of4,-0.00033529632353064104,-0.03410320735901023
Cells_Intensity_StdIntensityEdge_RFP,0.4343693486659648,0.34250835474578345
Cells_RadialDistribution_ZernikePhase_DAPI_9_3,0.04584009162860353,0.051711774333055904
Cells_Texture_Contrast_DAPI_3_01_256,-0.5976878327407301,-0.5596222353879305
Cytoplasm_RadialDistribution_ZernikeMagnitude_RFP_1_1,0.22618814281218694,0.13989101104946614
Cells_RadialDistribution_ZernikePhase_CY5_9_1,-0.009650231248123486,-0.0024930162162298537
Nuclei_RadialDistribution_RadialCV_DAPI_3of4,-0.16639063740665908,-0.13605423658393434
Cytoplasm_Texture_Correlation_GFP_3_02_256,0.16586220095782042,0.06447387969646345
Cytoplasm_Texture_Correlation_GFP_3_03_256,0.16983009317677464,0.04834577859140644
Nuclei_RadialDistribution_ZernikeMagnitude_GFP_9_1,0.083866313244935,0.10446004966447658
Nuclei_RadialDistribution_ZernikePhase_DAPI_9_1,-0.04734277872546725,-0.042261577962883
Nuclei_AreaShape_Zernike_2_2,0.46843613219768176,0.28592368806889573
Cytoplasm_Correlation_K_DAPI_RFP,0.07271157873197462,-0.17381684444666776
Nuclei_AreaShape_Zernike_4_4,0.07525111957260562,0.07043384957110956
Cytoplasm_Correlation_RWC_DAPI_CY5,-0.039494309889630194,-0.03390240302392637
Cells_Texture_SumAverage_DAPI_3_00_256,-0.5313872792256226,0.15896180873434537
Nuclei_RadialDistribution_ZernikeMagnitude_DAPI_9_5,-0.02791257989451422,-0.039940730251123706
Cells_Texture_InfoMeas1_RFP_3_03_256,0.3906918458300075,0.04793000885880299
Cells_RadialDistribution_ZernikePhase_DAPI_4_2,-0.02940943176816307,-0.005316825385595187
Cells_RadialDistribution_ZernikePhase_GFP_5_3,0.03319936150386108,0.03687226873231904
Nuclei_Texture_InverseDifferenceMoment_RFP_3_03_256,0.13926473684741777,0.09183990286952251
Cytoplasm_RadialDistribution_ZernikePhase_RFP_5_1,-0.0016088987530702556,0.006390296968498676
Nuclei_Texture_Correlation_RFP_3_03_256,-0.014248375557904506,0.0785480088445487
Nuclei_RadialDistribution_ZernikePhase_CY5_9_7,0.038104581066306965,0.03693326662645444
Nuclei_Texture_InfoMeas2_RFP_3_00_256,-0.13457230714962037,-0.018150122207547616
Cells_RadialDistribution_ZernikePhase_DAPI_8_4,-0.06271006228332213,-0.03646396668544647
Cells_Intensity_UpperQuartileIntensity_DAPI,-0.199242379805175,-0.19622604578593558
Cytoplasm_RadialDistribution_ZernikeMagnitude_RFP_2_0,0.676867873712342,0.6267982016916381
Cytoplasm_RadialDistribution_ZernikeMagnitude_GFP_1_1,0.030377660658302514,0.07434495395788678
Cytoplasm_RadialDistribution_FracAtD_RFP_3of4,-0.8131104641058826,-0.6138999318033185
Cells_Intensity_MeanIntensityEdge_DAPI,-0.5861501308322147,-0.9705895890152317
Nuclei_RadialDistribution_ZernikeMagnitude_CY5_9_7,0.050120571765559924,0.03964963157300235
Cytoplasm_Texture_InfoMeas1_DAPI_3_02_256,-0.8297708570279977,-0.6732317244179232
Nuclei_RadialDistribution_ZernikePhase_CY5_6_6,-0.03185922858793668,-0.013085167086297575
Cells_Texture_InfoMeas2_GFP_3_00_256,-0.579584716051133,0.3099224166517721
Nuclei_AreaShape_Zernike_9_5,0.034412830406184626,0.05338398679950537
Nuclei_RadialDistribution_ZernikePhase_DAPI_6_2,-0.06690181119863177,-0.04994550229674906
Nuclei_RadialDistribution_ZernikePhase_DAPI_7_5,-0.007780921029574434,-0.007929211234999841
Nuclei_RadialDistribution_ZernikeMagnitude_CY5_5_3,0.015082212469200305,0.005309541186095525
Nuclei_RadialDistribution_RadialCV_DAPI_2of4,-0.06763604495194404,-0.06605582175751885
Nuclei_RadialDistribution_ZernikePhase_CY5_8_8,0.020848007690318457,-0.011328382024265414
Cytoplasm_RadialDistribution_ZernikeMagnitude_CY5_9_7,0.006870480421935933,0.0
Cytoplasm_RadialDistribution_ZernikeMagnitude_GFP_8_2,-0.36046092549570363,-0.40150904519504743
Cells_AreaShape_Zernike_6_4,0.007071413299726573,0.0
Nuclei_RadialDistribution_ZernikePhase_DAPI_7_1,0.0138707955337871,0.0004513973050887549
Cytoplasm_RadialDistribution_ZernikePhase_RFP_4_2,0.02167223373062634,0.02501178931000668
Nuclei_AreaShape_Zernike_9_9,0.05799128503319431,0.10793573824657947
Cells_RadialDistribution_MeanFrac_CY5_1of4,-0.09977037671160416,0.02172659322647206
Cells_Texture_InfoMeas1_GFP_3_01_256,0.3316203912646295,0.08405255819433491
Nuclei_RadialDistribution_ZernikeMagnitude_DAPI_2_0,0.64588249562956,0.7665423962823851
Cells_Texture_InfoMeas1_RFP_3_01_256,0.7186279822707067,0.5186636177421639
Nuclei_RadialDistribution_ZernikeMagnitude_CY5_4_2,0.2906221510776083,0.17275945351288916
Cells_AreaShape_Zernike_7_3,-0.10991908168188662,-0.0631842260377859
Cells_Texture_Correlation_RFP_3_01_256,-0.06288357250077357,0.0
Cytoplasm_RadialDistribution_MeanFrac_DAPI_3of4,-0.3316072309425522,-0.564318256672683
Cytoplasm_Texture_InfoMeas1_GFP_3_03_256,-0.2823387379908434,0.1888863679887285
Cytoplasm_RadialDistribution_ZernikePhase_CY5_8_6,0.0249086361238248,0.0
Cytoplasm_RadialDistribution_ZernikeMagnitude_GFP_4_0,0.12413071073590493,0.18716447336765918
Cytoplasm_RadialDistribution_ZernikeMagnitude_RFP_6_0,0.012511434814896116,0.043315615553043973
Cells_RadialDistribution_ZernikeMagnitude_CY5_7_1,-0.03608452462156466,-0.0246582347112473
Cells_RadialDistribution_ZernikePhase_GFP_8_2,0.05693265466386894,0.016539260694532515
Nuclei_RadialDistribution_ZernikePhase_DAPI_8_6,-0.013191907571105641,-0.014791598186016868
Nuclei_Texture_AngularSecondMoment_GFP_3_01_256,0.5239482905056462,0.0
Cells_RadialDistribution_FracAtD_RFP_3of4,0.046103357494818704,-0.0516004278292608
Nuclei_Texture_Contrast_RFP_3_00_256,0.061767550247720064,0.12836398947601826
Cells_RadialDistribution_ZernikePhase_RFP_9_1,-0.030343488503160782,-0.02744988136535166
Nuclei_RadialDistribution_MeanFrac_RFP_3of4,-0.7135480631105353,-0.5306253744893877
Cells_RadialDistribution_MeanFrac_GFP_3of4,0.22010285456798648,0.12053185733421017
Cells_Texture_InfoMeas1_CY5_3_03_256,0.13571944582107645,0.234405530413506
Nuclei_AreaShape_Zernike_6_6,0.031343776705582936,0.06385317650081096
Nuclei_RadialDistribution_MeanFrac_RFP_2of4,0.15789655216413898,-0.09137737527464411
Cells_RadialDistribution_ZernikeMagnitude_CY5_7_3,0.010651582680993268,0.1286186969222534
Cytoplasm_Texture_Contrast_DAPI_3_02_256,-0.1581531002134344,0.0
Nuclei_Intensity_LowerQuartileIntensity_CY5,1.2045066824158346,0.0
Nuclei_RadialDistribution_ZernikePhase_RFP_7_5,0.02284841955211493,-0.004705239107676039
Cytoplasm_RadialDistribution_ZernikePhase_CY5_8_2,-0.06395345768407401,-0.03945686784315935
Cytoplasm_AreaShape_Zernike_9_3,-0.03426014273210929,-0.019601128170932628
Cytoplasm_RadialDistribution_ZernikePhase_RFP_3_1,-0.020611557497112475,-0.024772586423806836
Cells_AreaShape_Zernike_8_0,-0.03130867876905015,-0.016925927894271428
Cytoplasm_RadialDistribution_ZernikeMagnitude_CY5_5_1,0.08854131726907298,-0.16342201969196712
Nuclei_RadialDistribution_ZernikeMagnitude_GFP_6_4,-0.2349228965606645,-0.2066351836141175
Nuclei_RadialDistribution_ZernikePhase_DAPI_9_3,0.017263494922566694,0.016554539057598454
Nuclei_RadialDistribution_ZernikeMagnitude_DAPI_7_3,-0.005657890181332271,-0.009003463615466155
Nuclei_Texture_Contrast_DAPI_3_00_256,-0.11733421723116813,0.0
Nuclei_Intensity_MinIntensityEdge_GFP,-0.09613548624251655,-0.18183807226006116
Cytoplasm_Texture_DifferenceEntropy_RFP_3_01_256,-0.41851539090863893,0.0
Cells_RadialDistribution_ZernikeMagnitude_DAPI_6_2,0.43566791999532706,0.37250693858555695
Nuclei_RadialDistribution_ZernikeMagnitude_GFP_6_2,0.08186597069910911,0.07016737685815215
Cells_AreaShape_Zernike_9_3,0.009463220359478872,0.020511980377401033
Cells_Texture_InfoMeas1_GFP_3_00_256,-1.283065078454846,-0.3379799139055459
Nuclei_Intensity_MassDisplacement_CY5,-0.05505455765305205,-0.04810608512889546
Nuclei_Correlation_RWC_RFP_GFP,-0.5569777925530567,-0.5274231778204678
Nuclei_RadialDistribution_MeanFrac_DAPI_4of4,-0.5314346696335609,-0.1503031392642812
Cells_RadialDistribution_ZernikeMagnitude_GFP_6_0,-0.1397792271562079,-0.16496062319432203
Nuclei_Texture_InfoMeas2_RFP_3_01_256,-0.07084473657874327,-0.18296918141430052
Cytoplasm_RadialDistribution_ZernikeMagnitude_CY5_7_3,0.309968261978448,0.08343807184212852
Nuclei_RadialDistribution_MeanFrac_DAPI_1of4,0.17810168854348973,0.10814836306028683
Cytoplasm_RadialDistribution_ZernikeMagnitude_DAPI_4_2,0.1926828858878808,0.0
Nuclei_RadialDistribution_ZernikeMagnitude_DAPI_5_5,-0.04795243831342066,-0.12058585533130567
Cells_RadialDistribution_ZernikePhase_GFP_4_2,0.012906148071840302,0.021508220859605565
Cytoplasm_Texture_InverseDifferenceMoment_RFP_3_01_256,0.1240464537742417,0.0
Cytoplasm_RadialDistribution_ZernikePhase_CY5_7_5,0.0015470214789101743,0.0017406663455245192
Nuclei_RadialDistribution_MeanFrac_RFP_4of4,0.18175944640706293,0.7368827419101537
Nuclei_AreaShape_Zernike_4_0,0.20740658538354992,0.06621776691343248
Nuclei_RadialDistribution_ZernikeMagnitude_GFP_2_0,0.5671443946416578,0.4399732116204676
Cytoplasm_RadialDistribution_ZernikePhase_GFP_6_4,0.010199752733214404,0.00850809975958019
Nuclei_RadialDistribution_ZernikePhase_RFP_8_6,0.04483407976331686,0.03615716137143049
Nuclei_RadialDistribution_ZernikePhase_DAPI_8_8,-0.03904258492914108,-0.041640327191476575
Nuclei_RadialDistribution_ZernikePhase_GFP_7_1,-0.00405471241050776,0.02220489570209755
Cytoplasm_RadialDistribution_RadialCV_DAPI_3of4,0.2190416981183502,0.21731771522620988
Cytoplasm_Texture_InverseDifferenceMoment_RFP_3_00_256,-0.7587917986331619,0.0
Nuclei_RadialDistribution_ZernikePhase_RFP_5_5,0.0031685888180932303,-0.008883504982634667
Nuclei_Correlation_Overlap_CY5_GFP,0.04577750164957587,0.03417485579183056
Nuclei_RadialDistribution_ZernikePhase_RFP_7_3,-0.02881673560407932,-0.02791443073426677
Cytoplasm_RadialDistribution_ZernikePhase_CY5_6_4,0.07446304992175143,0.051179380598892855
Cytoplasm_RadialDistribution_ZernikePhase_CY5_5_3,-0.05047256565753488,-0.040421689456736194
Nuclei_RadialDistribution_ZernikePhase_DAPI_5_3,0.0318064507876235,0.029675913091714943
Cells_RadialDistribution_ZernikePhase_CY5_6_2,-0.034660798499460924,-0.030710108484969342
Cells_RadialDistribution_ZernikePhase_DAPI_7_3,-0.03877720778837487,-0.05671139280233649
Cells_AreaShape_Solidity,-0.7729718197083006,0.0
Nuclei_AreaShape_Zernike_6_4,-0.026248236589858392,-0.009198628427249089
Cytoplasm_RadialDistribution_ZernikePhase_RFP_9_5,0.0463475244398855,0.009686161951739759
Cytoplasm_RadialDistribution_ZernikeMagnitude_RFP_6_4,0.020490612629673482,0.0
Cytoplasm_Texture_Contrast_RFP_3_03_256,-0.025506408687354345,0.0
Cells_RadialDistribution_ZernikePhase_GFP_7_1,-0.06490969403580898,-0.03278926222262535
Cells_Texture_InfoMeas2_RFP_3_01_256,-0.028536874813583534,0.10107245737722853
Nuclei_RadialDistribution_FracAtD_GFP_2of4,0.17681562374084175,-0.8382757200966946
Nuclei_RadialDistribution_ZernikeMagnitude_GFP_3_1,-0.12461767983184638,0.01979294850573924
Cells_Correlation_RWC_GFP_DAPI,-0.4057352495154752,-0.22878797071893847
Cells_RadialDistribution_ZernikePhase_GFP_4_4,-0.044720996742900226,-0.07036945892806758
Cytoplasm_RadialDistribution_RadialCV_RFP_3of4,-0.012186646648766546,-0.05347551307373478
Nuclei_RadialDistribution_MeanFrac_GFP_4of4,0.9860494122726576,0.14517837506225356
Cells_AreaShape_Zernike_4_0,-0.02069880262429895,-0.057255764961217044
Cells_Correlation_Overlap_DAPI_GFP,0.15287782131038175,0.25971948761991814
Nuclei_RadialDistribution_ZernikePhase_DAPI_6_4,0.018013923129832816,0.0038778389670922546
Cytoplasm_Correlation_Overlap_DAPI_RFP,0.024209580693460526,0.03706828769725567
Cells_RadialDistribution_ZernikePhase_GFP_9_1,-0.013792697010655325,-0.007032977921741556
Cytoplasm_Texture_InfoMeas1_DAPI_3_03_256,0.600638008950038,0.5568783654898726
Nuclei_RadialDistribution_ZernikeMagnitude_DAPI_3_3,-0.01192740943833783,0.03608386163286231
Cells_RadialDistribution_RadialCV_CY5_1of4,-0.10293452563566748,-0.06615375265990638
Cytoplasm_RadialDistribution_ZernikeMagnitude_DAPI_4_0,-0.017005715886962283,0.025831879852153853
Cells_RadialDistribution_ZernikeMagnitude_CY5_9_9,-0.04421981308563487,-0.03318332764434821
Cells_RadialDistribution_ZernikePhase_CY5_9_5,0.009363439380338382,0.032311571704409195
Nuclei_RadialDistribution_ZernikePhase_GFP_5_5,0.0008713329315966191,-0.003389718629756401
Nuclei_Correlation_RWC_GFP_DAPI,-0.10518774534510603,0.19076636441184844
Cells_Texture_InfoMeas1_GFP_3_03_256,-0.056330307234440456,-0.45001273858551344
Cytoplasm_RadialDistribution_ZernikePhase_GFP_5_1,0.06708633292498736,0.0376255840574003
Cells_RadialDistribution_ZernikePhase_DAPI_6_2,0.043376599210063434,0.031223360441714334
Cytoplasm_Intensity_MeanIntensityEdge_DAPI,0.3653455245746341,0.7537025228136095
Cells_RadialDistribution_ZernikePhase_CY5_8_4,0.009245858617879667,-0.023026226945003
Cells_RadialDistribution_ZernikePhase_DAPI_5_3,-0.0949475520520961,-0.10484944887900824
Nuclei_Texture_InfoMeas1_RFP_3_00_256,-0.03761199582821031,0.061780469126781
Nuclei_RadialDistribution_ZernikePhase_RFP_9_3,-0.01753946128009436,-0.026691757657676143
Cells_RadialDistribution_ZernikeMagnitude_RFP_8_2,-0.0706638846174331,-0.0731086482622965
Nuclei_AreaShape_Zernike_9_7,-0.09433435414240275,-0.09882934706502204
Cytoplasm_AreaShape_Zernike_2_2,-0.04622853191952683,0.002425190216201839
Nuclei_RadialDistribution_RadialCV_RFP_2of4,0.09597499686533414,0.11760384739864045
Nuclei_RadialDistribution_FracAtD_CY5_1of4,0.06482369486143472,-0.016387706149876908
Cytoplasm_RadialDistribution_ZernikeMagnitude_GFP_9_1,-0.08232884273663162,-0.14059570424109363
Cytoplasm_RadialDistribution_ZernikePhase_DAPI_5_3,-0.026431566976300624,-0.030105112526309936
Nuclei_AreaShape_Zernike_8_8,0.14510533153856087,0.12191356808188235
Cytoplasm_Texture_Contrast_DAPI_3_01_256,-0.21974772584097024,-0.2910481964404843
Nuclei_Texture_Correlation_GFP_3_02_256,-0.08096033988938761,-0.03522562582832924
Cytoplasm_RadialDistribution_ZernikeMagnitude_GFP_3_1,0.49484180438713066,0.18813989298049247
Cytoplasm_Correlation_Overlap_GFP_RFP,-0.3066459737544114,-0.2716558368509568
Nuclei_RadialDistribution_ZernikePhase_CY5_4_4,-0.00449256750540175,0.009291804851693024
Nuclei_Texture_Contrast_DAPI_3_02_256,-0.4864891710127579,0.0
Nuclei_Texture_Contrast_RFP_3_03_256,-0.04279972136855436,-0.11739905533313365
Cells_RadialDistribution_ZernikeMagnitude_RFP_4_0,-0.13912316263251917,-0.1914787178960416
Cytoplasm_RadialDistribution_FracAtD_RFP_4of4,-2.142580282068062,-1.234039277499645
Cells_RadialDistribution_ZernikeMagnitude_RFP_9_3,0.02660906919687061,0.04110389512342933
Nuclei_RadialDistribution_ZernikePhase_GFP_1_1,0.00857246946840771,0.017787813214997235
Cytoplasm_RadialDistribution_ZernikePhase_DAPI_1_1,0.039110164260243156,0.03688622705112058
Cells_RadialDistribution_ZernikePhase_DAPI_4_4,0.056955714892345126,0.03579609592051234
Cells_RadialDistribution_ZernikePhase_RFP_4_2,-0.0275620510743207,-0.02975034361133548
Nuclei_RadialDistribution_ZernikeMagnitude_CY5_8_4,0.004967868723589504,0.04558334507321237
Cytoplasm_Granularity_1_DAPI,-0.5603913219817277,-0.30231751923599903
Cells_Granularity_2_GFP,0.1143855875896986,0.0
Cells_RadialDistribution_ZernikePhase_RFP_7_5,0.0007483922527095629,0.0017613766175974008
Cells_RadialDistribution_RadialCV_RFP_3of4,-0.07571183602463656,0.03130964336370244
Nuclei_RadialDistribution_ZernikePhase_CY5_6_2,0.007779970844752857,0.01466639610208963
Cytoplasm_RadialDistribution_ZernikeMagnitude_RFP_7_5,-0.15098696754360594,0.0
Cells_RadialDistribution_ZernikeMagnitude_RFP_7_1,-0.10374836637439405,-0.061135632785287726
Cytoplasm_RadialDistribution_ZernikePhase_CY5_2_2,0.028215582942846533,0.0
Nuclei_RadialDistribution_ZernikeMagnitude_CY5_4_0,0.04649792529049053,0.02618469288965553
Cytoplasm_RadialDistribution_ZernikePhase_CY5_9_7,0.08543590584107486,0.04109119258721681
Cytoplasm_Intensity_IntegratedIntensityEdge_GFP,-0.18468746910390882,0.22007891868710822
Cytoplasm_RadialDistribution_ZernikePhase_DAPI_6_2,0.014829723537320635,0.0016359912970551223
Cells_RadialDistribution_FracAtD_CY5_3of4,-0.36449819203789,0.0
Nuclei_RadialDistribution_ZernikeMagnitude_GFP_5_5,-0.04305013892350922,-0.06429249804050866
Nuclei_RadialDistribution_ZernikeMagnitude_CY5_3_1,0.028582342379027376,-0.06522300369510532
Nuclei_RadialDistribution_MeanFrac_RFP_1of4,-0.1508131803906643,-0.3195445209849179
Nuclei_Correlation_Overlap_CY5_RFP,0.02011769419367592,-0.036991776685358795
Cytoplasm_AreaShape_Zernike_4_0,0.08647713228174715,0.06211648371321631
Cytoplasm_Granularity_1_RFP,0.008709919686092438,-0.0647143472787258
Cytoplasm_RadialDistribution_ZernikePhase_CY5_6_2,0.12109603235154227,0.0979667963492913
Cells_Texture_InfoMeas1_CY5_3_00_256,0.016002937049142324,0.08812867353735516
Cells_Intensity_StdIntensityEdge_CY5,-0.6312257788628285,-0.41199592921100964
Cells_RadialDistribution_ZernikePhase_DAPI_2_2,-0.015149354434222287,0.015280494256942235
Nuclei_RadialDistribution_ZernikeMagnitude_DAPI_2_2,-0.3971157858964598,-0.2794100441957032
Nuclei_RadialDistribution_ZernikePhase_CY5_8_6,-0.04654994044754073,-0.05845156548256989
Nuclei_RadialDistribution_ZernikePhase_RFP_4_4,-0.0011028402697061878,-0.02066229246129307
Cells_RadialDistribution_ZernikeMagnitude_RFP_6_0,0.21919711552944524,0.14062211275026143
Cytoplasm_Texture_Contrast_RFP_3_01_256,-0.04772933978586056,0.0
Nuclei_RadialDistribution_ZernikeMagnitude_DAPI_5_1,-0.0013179986815384564,-0.012382144270216501
Nuclei_AreaShape_Zernike_7_7,-0.022029954616673883,-0.015355328921758215
Nuclei_RadialDistribution_ZernikeMagnitude_DAPI_6_4,0.07159296276317359,0.05240107854916675
Nuclei_RadialDistribution_ZernikePhase_GFP_8_6,-0.0006491870147004006,0.019981760170733394
Cells_RadialDistribution_ZernikeMagnitude_CY5_3_1,0.32731330285738075,0.0
Nuclei_RadialDistribution_ZernikeMagnitude_CY5_7_1,-0.0052822877534130395,0.010145690430721823
Cytoplasm_RadialDistribution_ZernikePhase_DAPI_6_6,-0.02973760333811619,-0.000886798924516055
Cytoplasm_Texture_Contrast_GFP_3_03_256,-0.4389834729724741,-0.02895319828466455
Cytoplasm_RadialDistribution_ZernikeMagnitude_GFP_8_0,-0.12231350402643648,-0.17576528596435204
Nuclei_RadialDistribution_ZernikeMagnitude_RFP_9_3,0.01519325069906923,0.0008827969523711421
Cells_RadialDistribution_RadialCV_CY5_4of4,0.030663600872483696,0.07045136718985076
Cells_Texture_Correlation_GFP_3_03_256,-0.21242679109461265,0.0
Cells_RadialDistribution_ZernikePhase_DAPI_7_1,0.09057579471558304,0.06839773482467605
Cytoplasm_AreaShape_Solidity,1.3517528196542066,0.3800551138309702
Cytoplasm_RadialDistribution_ZernikeMagnitude_GFP_2_2,0.31263697493991766,0.1462017957459558
Nuclei_RadialDistribution_ZernikeMagnitude_GFP_9_7,0.0027529635484066606,0.009126270703773951
Nuclei_RadialDistribution_ZernikeMagnitude_CY5_6_0,-0.024615243314658336,0.024422349624112497
Nuclei_RadialDistribution_ZernikePhase_CY5_8_4,0.030632368744451223,0.018852735701616635
Cells_RadialDistribution_ZernikePhase_RFP_7_1,0.015943984255084535,0.007480885395869099
Nuclei_RadialDistribution_ZernikeMagnitude_CY5_9_3,0.032561416172637435,-0.026470330604875112
Cytoplasm_RadialDistribution_ZernikePhase_DAPI_7_1,0.010166180066183878,0.010038007003974152
Nuclei_RadialDistribution_ZernikeMagnitude_RFP_7_7,-0.12220214868954989,-0.12435873944909002
Nuclei_Texture_Contrast_GFP_3_03_256,0.2098709944165625,0.2483543968324726
Nuclei_RadialDistribution_ZernikeMagnitude_RFP_7_1,-0.067344633969854,-0.04804148214157577
Cytoplasm_RadialDistribution_MeanFrac_GFP_1of4,-0.3105927337975787,0.0
Cytoplasm_Texture_InfoMeas1_GFP_3_01_256,-0.45504841189170686,-0.2749254531434399
Cytoplasm_Intensity_IntegratedIntensity_DAPI,-0.11923316675829987,-0.4555171305751625
Nuclei_RadialDistribution_ZernikeMagnitude_RFP_8_4,0.00980373684188196,-0.004935047884646565
Cytoplasm_AreaShape_MajorAxisLength,0.05524868415730625,-0.10469764960152693
Cells_Correlation_K_DAPI_GFP,-0.2952454942118442,-0.5092963530767861
Cells_AreaShape_Zernike_2_0,0.13919721595739373,0.0
Cytoplasm_RadialDistribution_ZernikeMagnitude_GFP_7_1,0.10262137279302769,0.015361876068674458
Cytoplasm_Intensity_MADIntensity_DAPI,-0.10857121484658122,-0.24983053896576005
Cytoplasm_RadialDistribution_ZernikePhase_RFP_7_3,-0.02683770189405418,-0.02767909020594207
Cytoplasm_RadialDistribution_MeanFrac_RFP_2of4,-0.32237184188868095,-0.27925824925097076
Cytoplasm_RadialDistribution_ZernikePhase_GFP_8_2,0.0300680845246843,0.04021828253836914
Cytoplasm_RadialDistribution_ZernikePhase_GFP_9_1,-0.0265371779785004,-0.04341354467144327
Cells_Intensity_MeanIntensityEdge_GFP,0.4606147290517852,0.06123163899864131
Cells_RadialDistribution_ZernikePhase_GFP_6_2,-0.011947748760015923,-0.006580715416030939
Nuclei_RadialDistribution_ZernikePhase_GFP_8_8,-0.023552172271873725,0.017811141918341607
Cytoplasm_RadialDistribution_ZernikePhase_RFP_6_4,0.03473355230166568,0.018094977158973267
Nuclei_RadialDistribution_ZernikeMagnitude_GFP_8_2,0.017098821953884628,0.07034447779900026
Cytoplasm_RadialDistribution_ZernikePhase_DAPI_9_1,0.02530500794002228,0.017876459627211932
Nuclei_RadialDistribution_ZernikeMagnitude_RFP_9_9,0.07804567552224648,0.0689965260789416
Nuclei_Texture_Correlation_CY5_3_02_256,-0.052844778987480315,-0.08977636286499115
Cells_RadialDistribution_ZernikePhase_DAPI_3_1,-0.056659167990190135,-0.01591480807017605
Nuclei_RadialDistribution_ZernikeMagnitude_GFP_5_3,0.060468273174784065,0.028259206504532817
Nuclei_RadialDistribution_ZernikePhase_RFP_8_2,0.06344270757141159,0.056202499619469375
Cytoplasm_Texture_DifferenceEntropy_RFP_3_03_256,-0.565253220020479,0.0
Cytoplasm_Intensity_IntegratedIntensity_GFP,0.1790835899385774,0.31444460008315933
Cytoplasm_RadialDistribution_ZernikeMagnitude_DAPI_8_6,-0.1331272019385048,0.0
Cytoplasm_Texture_Contrast_RFP_3_02_256,-0.047979070418518704,0.0
Nuclei_RadialDistribution_ZernikePhase_RFP_9_9,-0.018946752266824702,-0.016020392760325346
Cytoplasm_RadialDistribution_ZernikeMagnitude_DAPI_9_3,0.07437666024095455,0.059199683841746856
Nuclei_AreaShape_Zernike_5_5,0.08976965668968467,0.11516066702379989
Cells_Intensity_MeanIntensityEdge_CY5,1.1562394247319567,0.4072283321373703
Nuclei_AreaShape_Orientation,0.093916500631326,0.05609241251197214
Cells_Correlation_RWC_DAPI_CY5,0.1856325337672578,0.180093279428601
Nuclei_AreaShape_Zernike_6_2,0.10753292699719182,0.15057337825028982
Nuclei_RadialDistribution_ZernikeMagnitude_GFP_8_6,0.007439690859663537,-0.09477797031349536
Nuclei_RadialDistribution_ZernikePhase_DAPI_5_5,-0.03561278865629167,-0.05001556085136167
Nuclei_RadialDistribution_ZernikeMagnitude_DAPI_6_0,-0.04243056392138062,-0.023446152289694128
Nuclei_Texture_Correlation_CY5_3_01_256,0.1433549685743549,0.17676819649682304
Cytoplasm_RadialDistribution_ZernikePhase_DAPI_9_9,-0.03265935587474069,-0.009915421150969543
Cytoplasm_RadialDistribution_ZernikeMagnitude_GFP_6_2,0.3002738670568493,0.25493474540287053
Cells_AreaShape_Zernike_0_0,0.1173575778272319,0.0
Nuclei_AreaShape_Zernike_1_1,-0.022902907376693357,0.06341813756026447
Nuclei_RadialDistribution_ZernikePhase_CY5_3_1,-0.0345229491105553,-0.019125884659869107
Cytoplasm_RadialDistribution_ZernikeMagnitude_RFP_4_0,-0.04038807897165976,0.018800605388947858
Cytoplasm_Intensity_StdIntensityEdge_GFP,-0.4908855680834541,-0.5351824002765903
Cytoplasm_RadialDistribution_ZernikePhase_DAPI_3_3,-0.017268989227922707,-0.013720820198863549
Cells_AreaShape_Zernike_9_1,-0.02253274726241604,-0.04044977453661858
Cytoplasm_RadialDistribution_ZernikeMagnitude_CY5_9_1,0.06538657384444699,0.04484938744309113
Nuclei_Texture_DifferenceEntropy_RFP_3_00_256,0.05112517162309883,0.0
Cytoplasm_AreaShape_Zernike_5_3,-0.17117212807555218,-0.08817042719886721
Nuclei_Intensity_MassDisplacement_GFP,0.23580383092860172,0.14493046057618317
Cells_RadialDistribution_ZernikePhase_CY5_5_1,0.04657433217030594,0.06140815061167826
Nuclei_RadialDistribution_ZernikePhase_RFP_3_1,0.020132940184130248,0.01585299116698702
Nuclei_RadialDistribution_ZernikePhase_RFP_3_3,0.016832725059575056,-0.011388158254541843
Cytoplasm_RadialDistribution_ZernikeMagnitude_CY5_7_1,-0.043344849130336933,0.06193486055643265
Nuclei_Texture_Contrast_CY5_3_00_256,-0.060215166795971116,0.0
Cells_RadialDistribution_ZernikeMagnitude_CY5_8_2,-0.17954393688613027,-0.13500754629677672
Cytoplasm_Correlation_K_GFP_DAPI,0.40538419818673227,0.42713253516068234
Cytoplasm_RadialDistribution_ZernikeMagnitude_DAPI_6_2,0.1511682188922179,0.2045999741432518
Cells_RadialDistribution_ZernikeMagnitude_CY5_9_5,-0.06091144207941944,0.0003233963307078752
Nuclei_RadialDistribution_RadialCV_DAPI_4of4,0.18845095085406335,0.08162354611701048
Nuclei_RadialDistribution_RadialCV_DAPI_1of4,-0.09653589131357813,-0.08900577160158035
Cells_RadialDistribution_ZernikeMagnitude_DAPI_4_0,0.31322101301731264,0.1801946112853442
Cells_RadialDistribution_ZernikePhase_RFP_5_3,0.05740165641888062,0.059392920620733085
Nuclei_AreaShape_Eccentricity,-0.34011971839893074,-0.3669015629464547
Nuclei_RadialDistribution_MeanFrac_CY5_1of4,-0.006734763235891471,-0.08531500023284029
Cytoplasm_RadialDistribution_ZernikeMagnitude_GFP_4_2,-0.13972727295227963,-0.13770359762372192
Nuclei_RadialDistribution_MeanFrac_DAPI_2of4,0.5961645021593974,0.37781142233747356
Cells_Texture_Correlation_DAPI_3_03_256,-1.030366610148825,-1.2309929702722442
